Date,NVDA,JPM,AMZN,LLY,XOM,^GSPC
2021-09-13,22.054859161376953,141.06150817871094,172.85850524902344,227.40093994140625,46.46800994873047,4468.72998046875
2021-09-14,22.14446449279785,138.59959411621094,172.5,222.74705505371094,45.80501937866211,4443.0498046875
2021-09-15,22.243022918701172,139.56141662597656,173.7895050048828,223.35862731933594,47.34919738769531,4480.7001953125
2021-09-16,22.14446449279785,139.49960327148438,174.41200256347656,220.78799438476562,46.84566116333008,4473.75
2021-09-17,21.80396270751953,139.1378173828125,173.12600708007812,219.88967895507812,46.29176712036133,4432.990234375
2021-09-20,21.020416259765625,134.97288513183594,167.7864990234375,221.361328125,45.058109283447266,4357.72998046875
2021-09-21,21.152833938598633,134.9905242919922,167.18150329589844,219.95660400390625,45.016151428222656,4354.18994140625
2021-09-22,21.844785690307617,137.5759735107422,169.00250244140625,218.16957092285156,46.333736419677734,4395.64013671875
2021-09-23,22.38340950012207,142.2262725830078,170.8000030517578,221.8773956298828,47.90309143066406,4448.97998046875
2021-09-24,21.984167098999023,143.86753845214844,171.2760009765625,221.39959716796875,48.331085205078125,4455.47998046875
2021-09-27,21.565011978149414,147.34420776367188,170.2899932861328,216.35386657714844,49.766170501708984,4443.10986328125
2021-09-28,20.60822868347168,146.55003356933594,165.79800415039062,211.76686096191406,50.28648376464844,4352.6298828125
2021-09-29,20.427026748657227,146.4353485107422,165.05599975585938,220.13815307617188,50.2529296875,4359.4599609375
2021-09-30,20.625154495239258,144.4411163330078,164.2519989013672,220.7975616455078,49.363346099853516,4307.5400390625
2021-10-01,20.651042938232422,147.4765625,164.16299438476562,219.40231323242188,51.13410568237305,4357.0400390625
2021-10-04,19.645469665527344,147.3177490234375,159.48899841308594,214.87266540527344,51.79710006713867,4300.4599609375
2021-10-05,20.361318588256836,149.72344970703125,161.0500030517578,220.68289184570312,51.71318054199219,4345.72021484375
2021-10-06,20.609228134155273,150.04307556152344,163.10049438476562,217.7395477294922,50.764854431152344,4363.5498046875
2021-10-07,20.982582092285156,150.992919921875,165.1215057373047,222.83302307128906,50.90751647949219,4399.759765625
2021-10-08,20.739648818969727,151.1083221435547,164.43099975585938,223.55931091308594,52.18314743041992,4391.33984375
2021-10-11,20.604246139526367,147.93028259277344,162.31500244140625,223.30128479003906,51.66283416748047,4361.18994140625
2021-10-12,20.580350875854492,146.79397583007812,162.3665008544922,222.4507598876953,51.394283294677734,4350.64990234375
2021-10-13,20.847171783447266,142.92347717285156,164.21400451660156,225.94834899902344,51.251609802246094,4363.7998046875
2021-10-14,21.650638580322266,145.11618041992188,164.9929962158203,226.18728637695312,52.032081604003906,4438.259765625
2021-10-15,21.766128540039062,147.9036102294922,170.4510040283203,227.324462890625,52.52722930908203,4471.3701171875
2021-10-18,22.124553680419922,147.85037231445312,172.33700561523438,228.37567138671875,52.50205612182617,4486.4599609375
2021-10-19,22.1922550201416,149.64358520507812,172.20750427246094,231.55789184570312,53.290924072265625,4519.6298828125
2021-10-20,22.00606918334961,151.6587371826172,170.7530059814453,232.9053497314453,53.584659576416016,4536.18994140625
2021-10-21,22.592487335205078,150.4691619873047,171.75050354003906,230.4684600830078,52.61115646362305,4549.77978515625
2021-10-22,22.6263370513916,152.4932098388672,166.77749633789062,232.9340057373047,52.97201156616211,4544.89990234375
2021-10-25,23.064414978027344,151.7474822998047,166.01849365234375,234.1763153076172,54.004268646240234,4566.47998046875
2021-10-26,24.60860824584961,152.15586853027344,168.80349731445312,237.41590881347656,55.25471878051758,4574.7900390625
2021-10-27,24.34377670288086,148.98666381835938,169.62449645996094,239.0691375732422,53.819637298583984,4551.68017578125
2021-10-28,24.83162498474121,151.2326202392578,172.32850646972656,242.10806274414062,53.97069549560547,4596.419921875
2021-10-29,25.454879760742188,150.81536865234375,168.6215057373047,243.45541381835938,54.10498046875,4605.3798828125
2021-11-01,25.7137393951416,150.73544311523438,165.90550231933594,238.24728393554688,55.0784797668457,4613.669921875
2021-11-02,26.285215377807617,151.3302764892578,165.6374969482422,245.45272827148438,54.398704528808594,4630.64990234375
2021-11-03,26.481361389160156,151.38351440429688,169.1999969482422,254.4451446533203,53.65179443359375,4660.56982421875
2021-11-04,29.67031478881836,149.39500427246094,173.85000610351562,258.9748229980469,54.05463409423828,4680.06005859375
2021-11-05,29.621530532836914,149.18197631835938,175.94949340820312,253.2410430908203,54.5665397644043,4697.52978515625
2021-11-08,30.668916702270508,150.0785675048828,174.44900512695312,248.9694366455078,55.15400314331055,4701.7001953125
2021-11-09,30.522558212280273,148.94229125976562,178.81149291992188,250.39332580566406,55.69112014770508,4685.25
2021-11-10,29.329811096191406,148.80026245117188,174.1024932861328,252.90660095214844,54.59395980834961,4646.7099609375
2021-11-11,30.256732940673828,148.79136657714844,173.625,250.9762420654297,54.69601821899414,4649.27001953125
2021-11-12,30.256732940673828,148.1255645751953,176.25750732421875,248.93417358398438,54.27927780151367,4682.85009765625
2021-11-15,29.893333435058594,147.85928344726562,177.28399658203125,247.7644805908203,54.7470588684082,4682.7998046875
2021-11-16,30.070547103881836,146.79397583007812,177.03500366210938,247.08383178710938,55.29987716674805,4700.89990234375
2021-11-17,29.13268280029297,146.00389099121094,177.4499969482422,250.4009552001953,54.69601821899414,4688.669921875
2021-11-18,31.53609848022461,144.74337768554688,184.80299377441406,250.54473876953125,54.100669860839844,4704.5400390625
2021-11-19,32.840354919433594,142.85247802734375,183.82850646972656,249.94082641601562,51.600181579589844,4697.9599609375
2021-11-22,31.81586265563965,145.8973846435547,178.6284942626953,249.69154357910156,52.31460952758789,4682.93994140625
2021-11-23,31.60678482055664,149.38612365722656,179.0019989013672,251.1487579345703,53.69242858886719,4690.7001953125
2021-11-24,32.53071594238281,148.21434020996094,179.02049255371094,251.1871337890625,53.9901123046875,4701.4599609375
2021-11-26,31.364849090576172,143.74908447265625,175.22799682617188,249.62440490722656,52.09347915649414,4594.6201171875
2021-11-29,33.229637145996094,143.127685546875,178.07850646972656,244.3130645751953,52.38264465332031,4655.27001953125
2021-11-30,32.53269958496094,140.99716186523438,175.35350036621094,237.80325317382812,50.89426803588867,4567.0
2021-12-01,31.300983428955078,140.16268920898438,172.18600463867188,238.84829711914062,50.85173797607422,4513.0400390625
2021-12-02,31.989030838012695,143.1099090576172,171.8679962158203,237.64988708496094,52.118988037109375,4577.10009765625
2021-12-03,30.5621395111084,140.51776123046875,169.489501953125,235.44480895996094,51.78729248046875,4538.43017578125
2021-12-06,29.908939361572266,142.1778106689453,171.36849975585938,236.16384887695312,52.374149322509766,4591.669921875
2021-12-07,32.288753509521484,144.31724548339844,176.1645050048828,234.9942169189453,52.96099853515625,4686.75
2021-12-08,31.69031524658203,142.6660614013672,176.1580047607422,234.23684692382812,53.11408615112305,4701.2099609375
2021-12-09,30.360010147094727,142.44415283203125,174.17100524902344,232.87539672851562,53.250160217285156,4667.4501953125
2021-12-10,30.06925392150879,141.87600708007812,172.21200561523438,234.06427001953125,53.59036636352539,4712.02001953125
2021-12-13,28.040935516357422,140.1893310546875,169.5675048828125,238.2730712890625,52.41667556762695,4668.97021484375
2021-12-14,28.216188430786133,141.2634735107422,169.0915069580078,239.08795166015625,52.340126037597656,4634.08984375
2021-12-15,30.329143524169922,140.20709228515625,173.31500244140625,263.9190673828125,52.11049270629883,4709.85009765625
2021-12-16,28.26597785949707,142.39976501464844,168.87100219726562,267.52392578125,52.19553756713867,4668.669921875
2021-12-17,27.682476043701172,139.15956115722656,170.0175018310547,256.38348388671875,51.05586242675781,4620.64013671875
2021-12-20,27.6008243560791,136.65618896484375,167.07899475097656,252.6060791015625,50.315914154052734,4568.02001953125
2021-12-21,28.95104217529297,138.56478881835938,170.41700744628906,253.94827270507812,51.455596923828125,4649.22998046875
2021-12-22,29.274656295776367,139.10629272460938,171.03700256347656,255.50146484375,51.872344970703125,4696.56005859375
2021-12-23,29.51363182067871,139.60340881347656,171.06849670410156,261.8289794921875,51.897857666015625,4725.7900390625
2021-12-27,30.813068389892578,140.4023895263672,169.66949462890625,266.9198913574219,52.6378059387207,4791.18994140625
2021-12-28,30.192726135253906,140.82846069335938,170.66099548339844,265.0216064453125,52.46770095825195,4786.35009765625
2021-12-29,29.873092651367188,140.75746154785156,169.2010040283203,266.9295349121094,52.00843048095703,4793.06005859375
2021-12-30,29.459863662719727,140.6864471435547,168.64450073242188,265.8077087402344,51.70223617553711,4778.72998046875
2021-12-31,29.285612106323242,140.57106018066406,166.7169952392578,264.8202819824219,52.04244613647461,4766.18017578125
2022-01-03,29.992584228515625,143.544921875,170.4044952392578,260.5155944824219,54.041133880615234,4796.56005859375
2022-01-04,29.165122985839844,148.98666381835938,167.52200317382812,255.798583984375,56.07383728027344,4793.5400390625
2022-01-05,27.48631477355957,146.26287841796875,164.35699462890625,249.8928680419922,56.77125930786133,4700.580078125
2022-01-06,28.057870864868164,147.81678771972656,163.25399780273438,248.6273193359375,58.1065559387207,4696.0498046875
2022-01-07,27.13083267211914,149.2813720703125,162.5540008544922,248.79037475585938,58.582828521728516,4677.02978515625
2022-01-10,27.28318214416504,149.4242706298828,161.48599243164062,249.3751678466797,58.234134674072266,4670.2900390625
2022-01-11,27.698406219482422,149.5760955810547,165.36199951171875,251.4939727783203,60.68358612060547,4713.06982421875
2022-01-12,27.8796329498291,150.4244842529297,165.20700073242188,245.3580780029297,60.50498962402344,4726.35009765625
2022-01-13,26.461698532104492,150.23692321777344,161.21400451660156,239.36599731445312,60.07121658325195,4659.02978515625
2022-01-14,26.82713508605957,141.0028533935547,162.13800048828125,234.04505920410156,61.12584686279297,4662.85009765625
2022-01-18,25.792564392089844,135.09091186523438,158.91749572753906,236.87332153320312,62.154972076416016,4577.10986328125
2022-01-19,24.960128784179688,133.0011749267578,156.2989959716797,234.93670654296875,62.18048858642578,4532.759765625
2022-01-20,24.047042846679688,131.86700439453125,151.66749572753906,233.09591674804688,62.31655502319336,4482.72998046875
2022-01-21,23.274349212646484,129.5629425048828,142.64300537109375,233.02880859375,61.38100051879883,4397.93994140625
2022-01-24,23.272357940673828,129.44680786132812,144.54400634765625,230.49774169921875,61.90831756591797,4410.1298828125
2022-01-25,22.228822708129883,130.85784912109375,139.98599243164062,229.57737731933594,63.728389739990234,4356.4501953125
2022-01-26,22.674911499023438,132.09921264648438,138.87249755859375,228.0434112548828,63.08201217651367,4349.93017578125
2022-01-27,21.85044288635254,129.76832580566406,139.6374969482422,226.9504852294922,63.8900032043457,4326.509765625
2022-01-28,22.742624282836914,130.92930603027344,143.97799682617188,234.98463439941406,64.02606964111328,4431.85009765625
2022-01-31,24.381603240966797,132.70645141601562,149.57350158691406,235.26263427734375,64.60442352294922,4515.5498046875
2022-02-01,24.532960891723633,134.98373413085938,151.19349670410156,238.03338623046875,68.74639129638672,4546.5400390625
2022-02-02,25.134389877319336,133.90310668945312,150.6125030517578,240.47811889648438,68.5677719116211,4589.3798828125
2022-02-03,23.84589958190918,132.7957763671875,138.8455047607422,234.70663452148438,67.7682876586914,4477.43994140625
2022-02-04,24.215316772460938,136.242919921875,157.63949584960938,232.2714080810547,69.23967742919922,4500.52978515625
2022-02-07,24.622581481933594,136.69837951660156,157.9355010986328,233.49859619140625,70.07315063476562,4483.8701171875
2022-02-08,25.000957489013672,139.2703094482422,161.4134979248047,230.00880432128906,68.26158905029297,4521.5400390625
2022-02-09,26.591144561767578,139.85081481933594,161.1894989013672,233.2301788330078,67.934814453125,4587.18017578125
2022-02-10,25.713899612426758,139.2703094482422,159.0034942626953,229.7499542236328,67.28126525878906,4504.080078125
2022-02-11,23.84689712524414,137.45742797851562,153.2935028076172,226.01092529296875,68.97533416748047,4418.64013671875
2022-02-14,24.16353988647461,136.18045043945312,155.16700744628906,225.94351196289062,67.9176254272461,4401.669921875
2022-02-15,26.382043838500977,138.17190551757812,156.510498046875,234.7525177001953,67.06626892089844,4471.06982421875
2022-02-16,26.397974014282227,138.4219512939453,158.10049438476562,236.42764282226562,67.37586975097656,4475.009765625
2022-02-17,24.40251922607422,135.23377990722656,154.65249633789062,231.9894561767578,67.27265930175781,4380.259765625
2022-02-18,23.54120635986328,135.86781311035156,152.60150146484375,231.35409545898438,66.52452087402344,4348.8701171875
2022-02-22,23.2902774810791,135.626708984375,150.19749450683594,230.2180633544922,65.75059509277344,4304.759765625
2022-02-23,22.29155921936035,132.786865234375,144.82699584960938,229.42861938476562,66.01715850830078,4225.5
2022-02-24,23.646751403808594,129.08963012695312,151.35800170898438,234.02084350585938,65.18303680419922,4288.7001953125
2022-02-25,24.05400848388672,132.1438446044922,153.7884979248047,241.5012664794922,66.9372787475586,4384.64990234375
2022-02-28,24.281036376953125,126.63377380371094,153.56300354003906,240.63482666015625,67.43605041503906,4373.93994140625
2022-03-01,23.376909255981445,121.85598754882812,151.14199829101562,240.20156860351562,68.08099365234375,4306.259765625
2022-03-02,24.120851516723633,124.3832778930664,152.05250549316406,244.69754028320312,69.25052642822266,4386.5400390625
2022-03-03,23.616924285888672,123.49916076660156,147.89849853515625,249.00099182128906,69.68907928466797,4363.490234375
2022-03-04,22.84210777282715,120.02523803710938,145.64100646972656,253.07334899902344,72.31188201904297,4328.8701171875
2022-03-07,21.264585494995117,115.39032745361328,137.4530029296875,251.88909912109375,74.91748046875,4201.08984375
2022-03-08,21.42593002319336,114.57765197753906,136.01449584960938,250.2428741455078,75.48504638671875,4170.7001953125
2022-03-09,22.91978645324707,119.16790771484375,139.2790069580078,252.9962615966797,71.19395446777344,4277.8798828125
2022-03-10,22.56524658203125,117.75691223144531,146.8175048828125,256.10595703125,73.40399932861328,4259.52001953125
2022-03-11,22.009525299072266,115.10456085205078,145.52450561523438,256.37548828125,73.02565002441406,4204.31005859375
2022-03-14,21.242677688598633,116.24764251708984,141.85299682617188,258.9748840332031,70.41143035888672,4173.10986328125
2022-03-15,22.878955841064453,118.31055450439453,147.3665008544922,265.1940612792969,66.40412902832031,4262.4501953125
2022-03-16,24.39571762084961,123.597412109375,153.10400390625,266.1376037597656,66.1547622680664,4357.85986328125
2022-03-17,24.66461181640625,125.16022491455078,157.23899841308594,274.86956787109375,67.9176254272461,4411.669921875
2022-03-18,26.34471321105957,125.1155776977539,161.25050354003906,276.9202575683594,67.65104675292969,4463.1201171875
2022-03-21,26.624557495117188,124.71369934082031,161.4915008544922,278.8456726074219,70.68661499023438,4461.18017578125
2022-03-22,26.415416717529297,127.36605834960938,164.88900756835938,274.3977355957031,70.37702941894531,4511.60986328125
2022-03-23,25.529062271118164,124.82978057861328,163.4080047607422,273.5987548828125,71.48634338378906,4456.240234375
2022-03-24,28.034761428833008,125.64244842529297,163.64950561523438,276.96826171875,71.70130920410156,4520.16015625
2022-03-25,27.57863426208496,126.74091339111328,164.77349853515625,278.24871826171875,73.26642608642578,4543.06005859375
2022-03-28,28.103479385375977,125.80320739746094,168.99049377441406,280.79034423828125,71.21117401123047,4575.52001953125
2022-03-29,28.538694381713867,126.08007049560547,169.31500244140625,277.6423034667969,70.83280181884766,4631.60009765625
2022-03-30,27.57664680480957,125.50849914550781,166.30099487304688,279.0863037109375,72.04531860351562,4602.4501953125
2022-03-31,27.17429542541504,121.73988342285156,162.99749755859375,275.697509765625,71.02198028564453,4530.41015625
2022-04-01,26.602645874023438,120.83789825439453,163.55999755859375,281.7626953125,71.47773742675781,4545.85986328125
2022-04-04,27.247995376586914,121.37372589111328,168.34649658203125,280.55926513671875,71.51215362548828,4582.64013671875
2022-04-05,25.82484245300293,119.96123504638672,164.05499267578125,281.5893859863281,71.14239501953125,4525.1201171875
2022-04-06,24.307083129882812,118.29689025878906,158.75599670410156,294.44183349609375,71.93350982666016,4481.14990234375
2022-04-07,24.108898162841797,117.93700408935547,157.7845001220703,296.9353942871094,73.13742065429688,4500.2099609375
2022-04-08,23.024354934692383,120.09619140625,154.4604949951172,300.07391357421875,74.67668914794922,4488.27978515625
2022-04-11,21.827274322509766,119.65536499023438,151.1219940185547,297.44561767578125,72.1054916381836,4412.52978515625
2022-04-12,21.415973663330078,118.34185791015625,150.78750610351562,296.5984191894531,73.6103744506836,4397.4501953125
2022-04-13,22.112104415893555,114.52727508544922,155.54100036621094,291.39007568359375,74.65090942382812,4446.58984375
2022-04-14,21.170978546142578,113.46566772460938,151.7064971923828,290.6102294921875,75.52803802490234,4392.58984375
2022-04-18,21.69382667541504,115.5708999633789,152.78500366210938,287.6835021972656,76.1471939086914,4391.68994140625
2022-04-19,22.10713005065918,117.96398162841797,158.11549377441406,285.9409484863281,75.46784210205078,4462.2099609375
2022-04-20,21.394062042236328,118.3778305053711,153.9980010986328,282.0034484863281,75.63983917236328,4459.4501953125
2022-04-21,20.100378036499023,117.4601821899414,148.29600524902344,278.8168029785156,74.84009552001953,4393.66015625
2022-04-22,19.43510627746582,114.0864486694336,144.35000610351562,268.34222412109375,73.2061996459961,4271.77978515625
2022-04-25,19.82052230834961,114.05046081542969,146.07400512695312,274.5711364746094,70.73819732666016,4296.1201171875
2022-04-26,18.711090087890625,110.67670440673828,139.39100646972656,272.28936767578125,70.76400756835938,4175.2001953125
2022-04-27,18.33962059020996,109.23724365234375,138.16700744628906,274.4651794433594,72.78485107421875,4183.9599609375
2022-04-28,19.701017379760742,110.96463012695312,144.59649658203125,286.1912841796875,74.98626708984375,4287.5
2022-04-29,18.471080780029297,107.38394927978516,124.28150177001953,281.2428894042969,73.30941772460938,4131.93017578125
2022-05-02,19.453039169311523,108.36457061767578,124.5,278.7685546875,74.30694580078125,4155.3798828125
2022-05-03,19.52175521850586,110.68569946289062,124.25350189208984,277.3341979980469,75.83761596679688,4175.47998046875
2022-05-04,20.25075912475586,114.34734344482422,125.92849731445312,283.9095458984375,78.85597229003906,4300.169921875
2022-05-05,18.766855239868164,111.48641204833984,116.40699768066406,281.473876953125,77.66065979003906,4146.8701171875
2022-05-06,18.598546981811523,111.30648803710938,114.77249908447266,285.8349914550781,78.84739685058594,4123.33984375
2022-05-09,16.880611419677734,109.63311004638672,108.78900146484375,278.450927734375,72.63006591796875,3991.239990234375
2022-05-10,17.522972106933594,106.96109008789062,108.85900115966797,275.052490234375,73.11161804199219,4001.050048828125
2022-05-11,16.561920166015625,106.28636932373047,105.37200164794922,276.00555419921875,74.63369750976562,3935.179931640625
2022-05-12,16.108783721923828,106.1963882446289,106.93049621582031,280.92510986328125,74.9725112915039,3930.080078125
2022-05-13,17.633514404296875,107.14103698730469,113.05500030517578,281.70758056640625,77.1965103149414,4023.889892578125
2022-05-16,17.193323135375977,106.39430236816406,110.81050109863281,289.19390869140625,79.01217651367188,4008.010009765625
2022-05-17,18.10258674621582,109.92098236083984,115.36849975585938,291.1451416015625,80.01991271972656,4088.85009765625
2022-05-18,16.8686580657959,108.04067993164062,107.11250305175781,285.146484375,78.75154876708984,3923.679931640625
2022-05-19,17.05389976501465,106.4393081665039,107.31900024414062,276.5299377441406,79.17724609375,3900.7900390625
2022-05-20,16.625656127929688,105.56661224365234,107.59100341796875,288.681884765625,79.802734375,3901.360107421875
2022-05-23,16.828824996948242,112.09817504882812,107.55699920654297,292.30438232421875,81.5662612915039,3973.75
2022-05-24,16.08786964416504,113.68160247802734,104.0999984741211,295.5500183105469,82.00933837890625,3941.47998046875
2022-05-25,16.905506134033203,114.47330474853516,106.7750015258789,296.56427001953125,83.65995788574219,3978.72998046875
2022-05-26,17.777925491333008,116.45256805419922,111.07749938964844,302.7947998046875,83.955322265625,4057.840087890625
2022-05-27,18.733993530273438,118.09894561767578,115.14649963378906,312.4738464355469,84.7806167602539,4158.240234375
2022-05-31,18.59556007385254,118.96261596679688,120.20950317382812,302.7755126953125,83.39932250976562,4132.14990234375
2022-06-01,18.244998931884766,116.87539672851562,121.68399810791016,300.495849609375,84.997802734375,4101.22998046875
2022-06-02,19.51179313659668,118.75572204589844,125.51100158691406,292.14013671875,84.85012817382812,4176.81982421875
2022-06-03,18.64336395263672,117.10031127929688,122.3499984741211,291.38665771484375,86.083740234375,4108.5400390625
2022-06-06,18.70909881591797,116.71346282958984,124.79000091552734,293.0384216308594,85.86654663085938,4121.43017578125
2022-06-07,18.848520278930664,117.01935577392578,123.0,301.4811096191406,89.80194854736328,4160.68017578125
2022-06-08,18.57558250427246,115.15705108642578,121.18000030517578,302.8237609863281,90.86182403564453,4115.77001953125
2022-06-09,17.977916717529297,112.73694610595703,116.1500015258789,292.9321594238281,88.89847564697266,4017.820068359375
2022-06-10,16.9080867767334,107.55487823486328,109.6500015258789,286.9045104980469,87.27391052246094,3900.860107421875
2022-06-13,15.586237907409668,104.35205841064453,103.66999816894531,281.3694152832031,83.26900482177734,3749.6298828125
2022-06-14,15.774506568908691,102.61572265625,102.30999755859375,280.8961181640625,83.48619079589844,3735.47998046875
2022-06-15,16.462825775146484,103.83026885986328,107.66999816894531,283.0213317871094,82.4350357055664,3789.989990234375
2022-06-16,15.54041862487793,102.04894256591797,103.66000366210938,278.2687683105469,79.3944320678711,3666.77001953125
2022-06-17,15.818336486816406,101.6890640258789,106.22000122070312,281.00244140625,74.81615447998047,3674.840087890625
2022-06-21,16.501670837402344,104.20811462402344,108.68000030517578,287.2233581542969,79.47260284423828,3764.7900390625
2022-06-22,16.29647445678711,103.62335968017578,108.94999694824219,296.2551574707031,76.32775115966797,3759.889892578125
2022-06-23,16.161996841430664,102.4897689819336,112.44000244140625,302.0800476074219,74.02558135986328,3795.72998046875
2022-06-24,17.059494018554688,105.54861450195312,116.45999908447266,314.5410461425781,75.49375915527344,3911.739990234375
2022-06-27,16.803495407104492,104.70293426513672,113.22000122070312,316.13494873046875,77.34416961669922,3900.110107421875
2022-06-28,15.919938087463379,104.19912719726562,107.4000015258789,306.8133239746094,79.48997497558594,3821.550048828125
2022-06-29,15.481644630432129,103.73131561279297,108.91999816894531,312.01025390625,76.5536117553711,3818.830078125
2022-06-30,15.10013484954834,101.31121826171875,106.20999908447266,313.1983947753906,74.39915466308594,3785.3798828125
2022-07-01,14.466602325439453,102.60672760009766,109.55999755859375,313.66204833984375,76.05843353271484,3825.330078125
2022-07-05,14.905891418457031,102.21643829345703,113.5,316.0480651855469,73.67809295654297,3831.389892578125
2022-07-06,15.071249008178711,101.55389404296875,114.33000183105469,318.91693115234375,72.34890747070312,3845.080078125
2022-07-07,15.79642105102539,104.12247467041016,116.33000183105469,316.7918395996094,74.65978240966797,3902.6201171875
2022-07-08,15.776500701904297,103.79570007324219,115.54000091552734,319.2260437011719,74.78140258789062,3899.3798828125
2022-07-11,15.093161582946777,102.43429565429688,111.75,319.8056945800781,74.39915466308594,3854.429931640625
2022-07-12,15.023433685302734,102.53411865234375,109.22000122070312,312.5802001953125,73.40876770019531,3818.800048828125
2022-07-13,15.105116844177246,101.57203674316406,110.4000015258789,311.4885559082031,73.70413970947266,3801.780029296875
2022-07-14,15.312308311462402,98.02323150634766,110.62999725341797,315.76788330078125,72.22728729248047,3790.3798828125
2022-07-15,15.70079231262207,102.5159683227539,113.55000305175781,320.317626953125,73.44352722167969,3863.159912109375
2022-07-18,16.038475036621094,101.46312713623047,113.76000213623047,310.8221130371094,74.79875946044922,3830.85009765625
2022-07-19,16.92601776123047,103.97723388671875,118.20999908447266,315.1014099121094,76.68394470214844,3936.68994140625
2022-07-20,17.737852096557617,103.95909118652344,122.7699966430664,311.07318115234375,77.52660369873047,3959.89990234375
2022-07-21,17.979907989501953,104.66703796386719,124.62999725341797,315.79693603515625,76.23218536376953,3998.949951171875
2022-07-22,17.251750946044922,104.15877532958984,122.41999816894531,317.5646057128906,75.650146484375,3961.6298828125
2022-07-25,16.9578914642334,104.57627868652344,121.13999938964844,320.26934814453125,78.16949462890625,3966.840087890625
2022-07-26,16.468795776367188,102.94255828857422,114.80999755859375,320.27899169921875,77.86544036865234,3921.050048828125
2022-07-27,17.720918655395508,104.59441375732422,120.97000122070312,317.74822998046875,79.55079650878906,4023.610107421875
2022-07-28,17.91416358947754,104.20413970947266,122.27999877929688,319.5447998046875,80.4803466796875,4072.429931640625
2022-07-29,18.092470169067383,104.70333099365234,134.9499969482422,318.4726257324219,84.20724487304688,4130.2900390625
2022-08-01,18.369388580322266,103.65956115722656,135.38999938964844,313.1211242675781,82.07882690429688,4118.6298828125
2022-08-02,18.454059600830078,102.04399871826172,134.16000366210938,309.3055419921875,81.72264862060547,4091.18994140625
2022-08-03,18.81963539123535,103.114990234375,139.52000427246094,303.1522216796875,79.07298278808594,4155.169921875
2022-08-04,19.140382766723633,101.98046875,142.57000732421875,295.38580322265625,75.7457046508789,4151.93994140625
2022-08-05,18.915267944335938,105.0663833618164,140.8000030517578,291.0679016113281,76.84028625488281,4145.18994140625
2022-08-08,17.723907470703125,103.78663635253906,139.41000366210938,292.207763671875,77.27469635009766,4140.06005859375
2022-08-09,17.0196533203125,104.72148132324219,137.8300018310547,292.71002197265625,78.69940948486328,4122.47021484375
2022-08-10,18.02672576904297,107.45342254638672,142.69000244140625,294.24591064453125,79.44652557373047,4210.240234375
2022-08-11,17.872325897216797,109.0417709350586,140.63999938964844,290.92303466796875,81.74475860595703,4207.27001953125
2022-08-12,18.636348724365234,110.84794616699219,143.5500030517578,298.5693664550781,82.45528411865234,4280.14990234375
2022-08-15,18.95809555053711,111.14746856689453,143.17999267578125,304.24847412109375,80.98162841796875,4297.14013671875
2022-08-16,18.805688858032227,112.20938110351562,144.77999877929688,300.7305908203125,80.22724151611328,4305.2001953125
2022-08-17,18.2637996673584,111.26543426513672,142.10000610351562,307.0396728515625,80.8763656616211,4274.0400390625
2022-08-18,18.70009994506836,110.40319061279297,142.3000030517578,306.94268798828125,82.78861236572266,4283.740234375
2022-08-19,17.779693603515625,107.67124938964844,138.22999572753906,312.8058776855469,82.52545928955078,4228.47998046875
2022-08-22,16.967853546142578,105.89230346679688,133.22000122070312,313.1258239746094,82.46406555175781,4137.990234375
2022-08-23,17.114288330078125,104.84854125976562,133.6199951171875,305.3727722167969,85.96400451660156,4128.72998046875
2022-08-24,17.155122756958008,105.10266876220703,133.8000030517578,309.0263671875,86.47278594970703,4140.77001953125
2022-08-25,17.843441009521484,107.5986557006836,137.27999877929688,313.1645812988281,86.9201431274414,4199.1201171875
2022-08-26,16.19685935974121,104.07706451416016,130.75,305.8184814453125,85.84998321533203,4057.659912109375
2022-08-29,15.739640235900879,103.82294464111328,129.7899932861328,300.5755310058594,87.82365417480469,4030.610107421875
2022-08-30,15.40793514251709,103.8410873413086,128.72999572753906,297.5614929199219,84.48158264160156,3986.159912109375
2022-08-31,15.03538703918457,103.22391510009766,126.7699966430664,291.930908203125,83.8499984741211,3955.0
2022-09-01,13.882879257202148,103.93185424804688,127.81999969482422,299.5870056152344,82.34126281738281,3966.85009765625
2022-09-02,13.59400463104248,103.20576477050781,127.51000213623047,292.02777099609375,83.8499984741211,3924.260009765625
2022-09-06,13.412713050842285,103.23297882080078,126.11000061035156,297.3483581542969,83.28858947753906,3908.18994140625
2022-09-07,13.664804458618164,105.19344329833984,129.47999572753906,301.9808044433594,82.57808685302734,3979.8701171875
2022-09-08,13.939813613891602,107.6440200805664,129.82000732421875,305.7603759765625,83.2535171508789,4006.179931640625
2022-09-09,14.335390090942383,108.16136169433594,133.27000427246094,307.8924560546875,84.64823913574219,4067.360107421875
2022-09-12,14.45296859741211,109.4411392211914,136.4499969482422,305.48895263671875,85.62191772460938,4110.41015625
2022-09-13,13.083895683288574,105.63816833496094,126.81999969482422,297.018798828125,83.62194061279297,3932.68994140625
2022-09-14,13.080907821655273,105.39313507080078,128.5500030517578,300.0521545410156,85.67455291748047,3946.010009765625
2022-09-15,12.882621765136719,106.98146057128906,126.27999877929688,299.91644287109375,83.18334197998047,3901.35009765625
2022-09-16,13.150656700134277,106.26445007324219,123.52999877929688,299.3543701171875,81.7623062133789,3873.330078125
2022-09-19,13.333996772766113,107.24469757080078,124.66000366210938,295.6717834472656,81.75353240966797,3899.889892578125
2022-09-20,13.128735542297363,105.12991333007812,122.19000244140625,292.41552734375,81.08688354492188,3855.929931640625
2022-09-21,13.213430404663086,102.09845733642578,118.54000091552734,287.32757568359375,79.77986907958984,3789.929931640625
2022-09-22,12.515939712524414,100.93670654296875,117.30999755859375,301.27325439453125,79.44652557373047,3757.989990234375
2022-09-23,12.471100807189941,99.05792999267578,113.77999877929688,301.8450622558594,75.21852111816406,3693.22998046875
2022-09-26,12.184133529663086,96.92500305175781,115.1500015258789,298.00732421875,73.66590881347656,3655.0400390625
2022-09-27,12.368471145629883,96.07183074951172,114.41000366210938,301.4962463378906,75.2097396850586,3647.2900390625
2022-09-28,12.690313339233398,98.01415252685547,118.01000213623047,324.0575866699219,77.94657135009766,3719.0400390625
2022-09-29,12.176165580749512,96.35322570800781,114.80000305175781,319.822509765625,77.78865814208984,3640.469970703125
2022-09-30,12.095455169677734,94.8465576171875,113.0,313.3679504394531,76.58692169189453,3585.6201171875
2022-10-03,12.467120170593262,97.77816009521484,115.87999725341797,311.62359619140625,80.63072967529297,3678.429931640625
2022-10-04,13.119766235351562,102.35258483886719,121.08999633789062,319.70611572265625,83.56929779052734,3790.929931640625
2022-10-05,13.161617279052734,101.08885955810547,120.94999694824219,321.5378112792969,86.94647979736328,3783.280029296875
2022-10-06,13.082901000976562,99.0284423828125,120.30000305175781,322.67169189453125,89.52538299560547,3744.52001953125
2022-10-07,12.032681465148926,97.05044555664062,114.55999755859375,316.5758972167969,88.62187957763672,3639.659912109375
2022-10-10,11.628137588500977,96.14383697509766,113.66999816894531,313.89141845703125,86.70083618164062,3612.389892578125
2022-10-11,11.544439315795898,93.36914825439453,112.20999908447266,317.4867858886719,85.96400451660156,3588.840087890625
2022-10-12,11.458746910095215,94.88014221191406,112.9000015258789,314.5503845214844,86.34121704101562,3577.030029296875
2022-10-13,11.917096138000488,100.1548080444336,112.52999877929688,321.8478698730469,89.35871124267578,3669.909912109375
2022-10-14,11.186727523803711,101.82147216796875,106.9000015258789,321.15985107421875,87.00787353515625,3583.070068359375
2022-10-17,11.845354080200195,106.09796905517578,113.79000091552734,322.487548828125,88.26225280761719,3677.949951171875
2022-10-18,11.924071311950684,108.82688903808594,116.36000061035156,324.68743896484375,88.42013549804688,3719.97998046875
2022-10-19,12.007770538330078,106.69322204589844,115.06999969482422,319.1246032714844,91.04290771484375,3695.159912109375
2022-10-20,12.15025520324707,106.34523010253906,115.25,318.91143798828125,91.16571807861328,3665.780029296875
2022-10-21,12.421282768249512,111.93128204345703,119.31999969482422,330.25030517578125,92.85868835449219,3752.75
2022-10-24,12.553804397583008,112.0686264038086,119.81999969482422,337.1601867675781,93.50780487060547,3797.340087890625
2022-10-25,13.213430404663086,112.36164855957031,120.5999984741211,340.46490478515625,92.87623596191406,3859.110107421875
2022-10-26,12.849739074707031,113.65287780761719,115.66000366210938,346.8127136230469,93.9814682006836,3830.60009765625
2022-10-27,13.128735542297363,114.10157775878906,110.95999908447266,345.3298645019531,94.34113311767578,3807.300048828125
2022-10-28,13.784375190734863,115.45686340332031,103.41000366210938,348.7897033691406,97.10425567626953,3901.06005859375
2022-10-31,13.448583602905273,115.27372741699219,102.44000244140625,350.91217041015625,97.20074462890625,3871.97998046875
2022-11-01,13.494420051574707,117.35245513916016,96.79000091552734,341.6957702636719,98.16565704345703,3856.10009765625
2022-11-02,13.171581268310547,116.27189636230469,92.12000274658203,344.0021667480469,96.14811706542969,3759.68994140625
2022-11-03,13.372857093811035,116.48249816894531,89.30000305175781,350.51470947265625,97.45510864257812,3719.889892578125
2022-11-04,14.105218887329102,119.66929626464844,90.9800033569336,346.37664794921875,98.51652526855469,3770.550048828125
2022-11-07,14.249700546264648,120.30115509033203,90.52999877929688,353.80010986328125,99.68317413330078,3806.800048828125
2022-11-08,14.54962158203125,120.37439727783203,89.9800033569336,355.3410339355469,99.99895477294922,3828.110107421875
2022-11-09,13.726581573486328,118.80850219726562,86.13999938964844,352.05560302734375,95.52532196044922,3748.570068359375
2022-11-10,15.693501472473145,123.69857788085938,96.62999725341797,357.33746337890625,96.92882537841797,3956.3701171875
2022-11-11,16.268430709838867,123.90003967285156,100.79000091552734,341.4243469238281,99.9551010131836,3992.929931640625
2022-11-14,16.236549377441406,122.62715911865234,98.48999786376953,346.0308532714844,100.24690246582031,3957.25
2022-11-15,16.606216430664062,121.73887634277344,98.94000244140625,340.0929260253906,100.91891479492188,3991.72998046875
2022-11-16,15.852926254272461,121.90370178222656,97.12000274658203,342.9889831542969,99.84015655517578,3958.7900390625
2022-11-17,15.620763778686523,121.37256622314453,94.8499984741211,350.6081848144531,99.97278594970703,3946.56005859375
2022-11-18,15.35372543334961,122.56303405761719,94.13999938964844,351.4828186035156,99.10621643066406,3965.340087890625
2022-11-21,15.262054443359375,121.83961486816406,92.45999908447266,350.99688720703125,98.12471008300781,3949.93994140625
2022-11-22,15.98046875,123.66190338134766,93.19999694824219,350.7150573730469,100.96314239501953,4003.580078125
2022-11-23,16.459745407104492,124.9806137084961,94.12999725341797,351.5314636230469,100.45911407470703,4027.260009765625
2022-11-25,16.211637496948242,125.21870422363281,93.41000366210938,354.9619445800781,100.10543060302734,4026.1201171875
2022-11-28,15.770223617553711,123.03009796142578,93.94999694824219,355.46734619140625,97.09898376464844,3963.93994140625
2022-11-29,15.58289909362793,125.05388641357422,92.41999816894531,353.6985778808594,97.74449157714844,3957.6298828125
2022-11-30,16.866605758666992,126.53734588623047,96.54000091552734,360.62774658203125,98.4518814086914,4080.110107421875
2022-12-01,17.077899932861328,124.76083374023438,95.5,359.8988952636719,97.97440338134766,4076.570068359375
2022-12-02,16.819765090942383,123.77182006835938,94.12999725341797,364.2041015625,97.14319610595703,4071.699951171875
2022-12-05,16.55465316772461,120.30115509033203,91.01000213623047,358.8882141113281,94.48162078857422,3998.840087890625
2022-12-06,15.933730125427246,120.50259399414062,88.25,358.15936279296875,91.85540771484375,3941.260009765625
2022-12-07,16.0662841796875,120.42021179199219,88.45999908447266,361.4927062988281,91.65204620361328,3933.919921875
2022-12-08,17.111791610717773,121.6839370727539,90.3499984741211,361.31781005859375,92.3329086303711,3963.510009765625
2022-12-09,16.944351196289062,121.02460479736328,89.08999633789062,350.8219299316406,91.55477142333984,3934.3798828125
2022-12-12,17.47657012939453,122.90186309814453,90.55000305175781,356.9056091308594,93.80958557128906,3990.56005859375
2022-12-13,18.01177978515625,122.7828369140625,92.48999786376953,348.5576171875,94.83531951904297,4019.64990234375
2022-12-14,17.61510467529297,122.16928100585938,91.58000183105469,353.26123046875,94.13677215576172,3995.320068359375
2022-12-15,16.895505905151367,119.13816833496094,88.44999694824219,349.8695983886719,93.23484802246094,3895.75
2022-12-16,16.515777587890625,118.39640808105469,87.86000061035156,349.7335510253906,92.58049011230469,3852.360107421875
2022-12-19,16.1998348236084,119.10150909423828,84.91999816894531,347.702392578125,92.99609375,3817.659912109375
2022-12-20,16.031400680541992,119.6784439086914,85.19000244140625,349.5099792480469,94.34014129638672,3821.6201171875
2022-12-21,16.44601058959961,121.02460479736328,86.7699966430664,357.6442565917969,95.55155181884766,3878.43994140625
2022-12-22,15.287885665893555,119.6509780883789,83.79000091552734,355.020263671875,93.62390899658203,3822.389892578125
2022-12-23,15.155330657958984,120.21873474121094,85.25,357.537353515625,96.09979248046875,3844.820068359375
2022-12-27,14.073945999145508,120.6399917602539,83.04000091552734,354.60247802734375,97.43501281738281,3829.25
2022-12-28,13.989228248596191,121.29930877685547,81.81999969482422,354.932861328125,95.83451080322266,3783.219970703125
2022-12-29,14.554339408874512,121.9952621459961,84.18000030517578,356.68212890625,96.55960083007812,3849.280029296875
2022-12-30,14.565302848815918,122.80116271972656,84.0,355.5353088378906,97.53226470947266,3839.5
2023-01-03,14.26729679107666,123.73518371582031,85.81999969482422,354.70941162109375,94.18099212646484,3824.139892578125
2023-01-04,14.699851036071777,124.88900756835938,85.13999938964844,352.8725280761719,94.45508575439453,3852.969970703125
2023-01-05,14.2174654006958,124.86136627197266,83.12000274658203,348.810302734375,96.56844329833984,3808.10009765625
2023-01-06,14.809486389160156,127.25065612792969,86.08000183105469,352.717041015625,97.73564910888672,3895.080078125
2023-01-09,15.575923919677734,126.72480010986328,87.36000061035156,339.9762878417969,95.91409301757812,3892.090087890625
2023-01-10,15.855986595153809,127.85954284667969,89.87000274658203,342.8140563964844,97.34659576416016,3919.25
2023-01-11,15.947680473327637,128.8096923828125,95.08999633789062,350.25830078125,98.47840881347656,3969.610107421875
2023-01-12,16.455978393554688,128.68055725097656,95.2699966430664,349.00469970703125,100.11426544189453,3983.169921875
2023-01-13,16.842689514160156,131.92774963378906,98.12000274658203,351.4342041015625,100.05237579345703,3999.090087890625
2023-01-17,17.64301300048828,129.88900756835938,96.05000305175781,347.6634216308594,99.85782623291016,3990.969970703125
2023-01-18,17.319093704223633,125.98683166503906,95.45999908447266,342.0949401855469,97.80638885498047,3928.860107421875
2023-01-19,16.709136962890625,124.30786895751953,93.68000030517578,341.1910705566406,98.43419647216797,3898.85009765625
2023-01-20,17.779558181762695,124.61226654052734,97.25,336.322265625,100.22921752929688,3972.610107421875
2023-01-23,19.129045486450195,126.632568359375,97.5199966430664,332.57098388671875,99.70751953125,4019.81005859375
2023-01-24,19.200801849365234,127.72112274169922,96.31999969482422,336.6332092285156,100.63597106933594,4016.949951171875
2023-01-25,19.25861167907715,128.33920288085938,97.18000030517578,339.879150390625,100.10543060302734,4016.219970703125
2023-01-26,19.736013412475586,129.13255310058594,99.22000122070312,338.2076110839844,104.12872314453125,4060.429931640625
2023-01-27,20.297138214111328,129.44622802734375,102.23999786376953,332.46405029296875,102.22761535644531,4070.56005859375
2023-01-30,19.09814453125,128.34841918945312,100.55000305175781,330.90911865234375,100.41490936279297,4017.77001953125
2023-01-31,19.471899032592773,129.1140899658203,103.12999725341797,334.4562683105469,102.58131408691406,4076.60009765625
2023-02-01,20.873214721679688,128.7727813720703,105.1500015258789,332.92083740234375,101.45831298828125,4119.2099609375
2023-02-02,21.63665771484375,128.17312622070312,112.91000366210938,321.3851623535156,98.28386688232422,4179.759765625
2023-02-03,21.029687881469727,130.1565399169922,103.38999938964844,329.5291442871094,98.96475219726562,4136.47998046875
2023-02-06,21.018726348876953,130.92222595214844,102.18000030517578,328.1491394042969,98.79673767089844,4111.080078125
2023-02-07,22.099109649658203,132.51812744140625,102.11000061035156,330.1122131347656,101.61746978759766,4164.0
2023-02-08,22.13100814819336,131.58644104003906,100.05000305175781,331.1326904296875,100.73323059082031,4117.85986328125
2023-02-09,22.26256561279297,129.5384521484375,98.23999786376953,332.1628112792969,101.11345672607422,4081.5
2023-02-10,21.19413948059082,130.11041259765625,97.61000061035156,335.3989562988281,105.37551879882812,4090.4599609375
2023-02-13,21.715396881103516,131.52188110351562,99.54000091552734,340.5302429199219,104.96564483642578,4137.2900390625
2023-02-14,22.89445686340332,132.10301208496094,99.69999694824219,338.86309814453125,103.73597717285156,4136.1298828125
2023-02-15,22.688142776489258,132.65652465820312,101.16000366210938,326.62713623046875,103.42412567138672,4147.60009765625
2023-02-16,21.928686141967773,130.82998657226562,98.1500015258789,317.9107971191406,103.12117004394531,4090.409912109375
2023-02-17,21.31673240661621,131.21742248535156,97.19999694824219,320.1824645996094,99.1559829711914,4079.090087890625
2023-02-21,20.58617401123047,128.8096923828125,94.58000183105469,319.31475830078125,99.0579833984375,3997.340087890625
2023-02-22,20.68484115600586,127.82259368896484,95.79000091552734,320.835693359375,97.77488708496094,3991.050048828125
2023-02-23,23.585142135620117,128.84657287597656,95.81999969482422,319.32452392578125,98.67483520507812,4012.320068359375
2023-02-24,23.208402633666992,130.00892639160156,93.5,313.5916442871094,98.68374633789062,3970.0400390625
2023-02-27,23.422683715820312,131.1436309814453,93.76000213623047,308.697265625,98.50552368164062,3982.239990234375
2023-02-28,23.13863754272461,132.2414093017578,94.2300033569336,303.4324035644531,97.93527221679688,3970.14990234375
2023-03-01,22.62236213684082,131.50340270996094,92.16999816894531,306.30859375,98.80848693847656,3951.389892578125
2023-03-02,23.236309051513672,130.1381072998047,92.12999725341797,307.1665344238281,99.26293182373047,3981.35009765625
2023-03-03,23.81039047241211,132.52734375,94.9000015258789,310.46197509765625,100.51930236816406,4045.639892578125
2023-03-06,23.475513458251953,131.75250244140625,93.75,310.97869873046875,101.41035461425781,4048.419921875
2023-03-07,23.214340209960938,127.8779525756836,93.55000305175781,302.8572082519531,99.45003509521484,3986.3701171875
2023-03-08,24.104516983032227,127.12149047851562,93.91999816894531,304.7194519042969,97.99762725830078,3992.010009765625
2023-03-09,23.36187171936035,120.23957061767578,92.25,308.9215087890625,97.24024200439453,3918.320068359375
2023-03-10,22.892362594604492,123.29307556152344,90.7300033569336,307.1372985839844,96.03732299804688,3861.590087890625
2023-03-13,22.893356323242188,121.07907104492188,92.43000030517578,316.3703308105469,94.93243408203125,3855.760009765625
2023-03-14,23.986888885498047,124.18790435791016,94.87999725341797,318.8857727050781,95.28884887695312,3919.2900390625
2023-03-15,24.151369094848633,118.3207778930664,96.19999694824219,321.2257385253906,90.54845428466797,3891.929931640625
2023-03-16,25.46021270751953,120.61783599853516,100.04000091552734,321.2841796875,90.0227279663086,3960.280029296875
2023-03-17,25.643630981445312,116.06062316894531,98.94999694824219,320.9429931640625,88.96238708496094,3916.639892578125
2023-03-20,25.818078994750977,117.28755950927734,97.70999908447266,325.25238037109375,91.28801727294922,3951.570068359375
2023-03-21,26.116132736206055,120.4333267211914,100.61000061035156,322.7954406738281,95.37794494628906,4002.8701171875
2023-03-22,26.384279251098633,117.32445526123047,98.69999694824219,322.6882019042969,93.19486999511719,3936.969970703125
2023-03-23,27.104990005493164,117.01081848144531,98.70999908447266,324.3164367675781,92.14344787597656,3948.719970703125
2023-03-24,26.694293975830078,115.2303695678711,98.12999725341797,327.71905517578125,92.25035095214844,3970.989990234375
2023-03-27,26.44708251953125,118.53296661376953,98.04000091552734,326.2273254394531,94.27305603027344,3977.530029296875
2023-03-28,26.32646369934082,118.89273834228516,97.23999786376953,329.2010192871094,95.44924926757812,3971.27001953125
2023-03-29,26.898649215698242,119.13258361816406,100.25,327.4655456542969,97.08875274658203,4027.81005859375
2023-03-30,27.29638671875,118.7728042602539,102.0,332.16497802734375,97.56101989746094,4050.830078125
2023-03-31,27.68914031982422,120.21190643310547,103.29000091552734,334.8266296386719,97.71249389648438,4109.31005859375
2023-04-03,27.87654685974121,120.07351684570312,102.41000366210938,341.9634704589844,103.47759246826172,4124.509765625
2023-04-04,27.366167068481445,118.46837615966797,103.94999694824219,345.7463684082031,102.48854064941406,4100.60009765625
2023-04-05,26.79597282409668,118.64502716064453,101.0999984741211,353.1756896972656,104.24388122558594,4090.3798828125
2023-04-06,26.95148277282715,118.51486206054688,102.05999755859375,359.0743408203125,102.5152587890625,4105.02001953125
2023-04-10,27.49176788330078,118.90536499023438,102.16999816894531,357.8165588378906,102.06082916259766,4109.10986328125
2023-04-11,27.08306312561035,119.4910888671875,99.91999816894531,354.93072509765625,102.78255462646484,4108.93994140625
2023-04-12,26.41119384765625,119.47250366210938,97.83000183105469,359.81524658203125,102.67564392089844,4091.949951171875
2023-04-13,26.379301071166992,119.92808532714844,102.4000015258789,365.7626953125,103.15679931640625,4146.22021484375
2023-04-14,26.673364639282227,128.98379516601562,102.51000213623047,365.3531799316406,103.40629577636719,4137.64013671875
2023-04-17,26.916595458984375,130.0065460205078,102.73999786376953,363.03277587890625,102.20338439941406,4151.31982421875
2023-04-18,27.579490661621094,131.4662322998047,102.30000305175781,360.6537780761719,104.1993408203125,4154.8701171875
2023-04-19,27.842655181884766,131.29885864257812,104.30000305175781,361.1997985839844,103.86965942382812,4154.52001953125
2023-04-20,27.018268585205078,130.9176788330078,103.80999755859375,365.43115234375,103.04097747802734,4129.7900390625
2023-04-21,27.033226013183594,130.6666717529297,106.95999908447266,375.6001281738281,103.37066650390625,4133.52001953125
2023-04-24,26.956470489501953,130.84329223632812,106.20999908447266,373.75750732421875,105.32205963134766,4137.0400390625
2023-04-25,26.158000946044922,127.9982681274414,102.56999969482422,375.210205078125,103.8250961303711,4071.6298828125
2023-04-26,26.870737075805664,125.7297134399414,104.9800033569336,366.8546142578125,102.87167358398438,4055.989990234375
2023-04-27,27.13988494873047,127.4218521118164,109.81999969482422,380.5823059082031,104.101318359375,4135.35009765625
2023-04-28,27.661230087280273,128.5282440185547,105.44999694824219,385.9544372558594,105.44679260253906,4169.47998046875
2023-05-01,28.81855583190918,131.28025817871094,102.05000305175781,395.6554870605469,102.17665100097656,4167.8701171875
2023-05-02,28.120769500732422,129.16046142578125,103.62999725341797,394.0857849121094,98.10456848144531,4119.580078125
2023-05-03,27.714061737060547,126.42698669433594,103.6500015258789,420.400390625,96.17098236083984,4090.75
2023-05-04,27.474824905395508,124.69766998291016,104.0,417.7192687988281,94.48689270019531,4061.219970703125
2023-05-05,28.58928680419922,127.13362121582031,105.66000366210938,417.10498046875,96.83927154541016,4136.25
2023-05-08,29.058795928955078,127.44044494628906,105.83000183105469,421.89208984375,97.222412109375,4138.1201171875
2023-05-09,28.480628967285156,126.82678985595703,106.62000274658203,417.6606750488281,97.24915313720703,4119.169921875
2023-05-10,28.793638229370117,126.89186096191406,110.19000244140625,425.0120544433594,96.00167846679688,4137.64013671875
2023-05-11,28.487607955932617,126.49209594726562,112.18000030517578,424.6512451171875,94.26415252685547,4130.6201171875
2023-05-12,28.250362396240234,124.67906951904297,110.26000213623047,424.6610412597656,94.2552490234375,4124.080078125
2023-05-15,28.86142349243164,125.7297134399414,111.19999694824219,424.73931884765625,94.43498229980469,4136.27978515625
2023-05-16,29.120595932006836,124.8836441040039,113.4000015258789,426.8311462402344,92.14306640625,4109.89990234375
2023-05-17,30.08254623413086,128.72348022460938,115.5,427.6327209472656,94.21026611328125,4158.77001953125
2023-05-18,31.57779884338379,129.69972229003906,118.1500015258789,428.04327392578125,95.06412506103516,4198.0498046875
2023-05-19,31.165109634399414,129.40216064453125,116.25,432.4323425292969,95.5045394897461,4191.97998046875
2023-05-22,31.077392578125,128.33299255371094,115.01000213623047,424.23095703125,94.34510040283203,4192.6298828125
2023-05-23,30.590930938720703,126.99415588378906,114.98999786376953,413.693359375,95.63035583496094,4145.580078125
2023-05-24,30.441410064697266,125.83195495605469,116.75,416.19580078125,96.69990539550781,4115.240234375
2023-05-25,37.859867095947266,126.13878631591797,115.0,417.7012023925781,94.96525573730469,4151.27978515625
2023-05-26,38.82281494140625,127.319580078125,120.11000061035156,416.21533203125,94.34510040283203,4205.4501953125
2023-05-30,39.984127044677734,127.80303192138672,121.66000366210938,417.63275146484375,93.50923919677734,4205.52001953125
2023-05-31,37.71432113647461,126.17597961425781,120.58000183105469,419.80279541015625,91.83749389648438,4179.830078125
2023-06-01,39.64421081542969,127.91463470458984,122.7699966430664,426.67474365234375,92.89805603027344,4221.02001953125
2023-06-02,39.202598571777344,130.60157775878906,124.25,432.38336181640625,95.05514526367188,4282.3701171875
2023-06-05,39.0471076965332,129.31849670410156,125.30000305175781,434.27001953125,94.63270568847656,4273.7900390625
2023-06-06,38.53173065185547,129.5509796142578,126.61000061035156,433.1067810058594,95.40565490722656,4283.85009765625
2023-06-07,37.36032485961914,130.8061065673828,121.2300033569336,426.55743408203125,97.54475402832031,4267.52001953125
2023-06-08,38.39216613769531,130.84329223632812,124.25,435.6385192871094,97.23916625976562,4293.93017578125
2023-06-09,38.651371002197266,131.1036376953125,123.43000030517578,436.0101013183594,96.5201416015625,4298.85986328125
2023-06-12,39.36118698120117,131.09434509277344,126.56999969482422,435.29638671875,95.6483383178711,4338.93017578125
2023-06-13,40.89647674560547,132.04269409179688,126.66000366210938,435.69720458984375,95.66632080078125,4369.009765625
2023-06-14,42.86543655395508,131.54989624023438,126.41999816894531,437.6521911621094,94.51586151123047,4372.58984375
2023-06-15,42.522491455078125,133.0375213623047,127.11000061035156,443.7225646972656,95.17198181152344,4425.83984375
2023-06-16,42.56137466430664,133.19554138183594,125.48999786376953,437.6424255371094,94.48890686035156,4409.58984375
2023-06-20,43.6739616394043,132.51686096191406,125.77999877929688,441.787109375,92.32283782958984,4388.7099609375
2023-06-21,42.91328430175781,132.32162475585938,124.83000183105469,442.8135070800781,93.3564453125,4365.68994140625
2023-06-22,42.89335250854492,129.77410888671875,130.14999389648438,447.38818359375,92.8441390991211,4381.89013671875
2023-06-23,42.07984161376953,129.0953826904297,129.3300018310547,448.5221252441406,92.03524017333984,4348.330078125
2023-06-26,40.50767135620117,129.41151428222656,127.33000183105469,442.5788879394531,93.73392486572266,4328.81982421875
2023-06-27,41.74787139892578,129.42079162597656,129.17999267578125,454.05487060546875,93.96760559082031,4378.41015625
2023-06-28,40.9911994934082,128.85362243652344,129.0399932861328,448.3853454589844,94.73157501220703,4376.85986328125
2023-06-29,40.69708251953125,133.35360717773438,127.9000015258789,454.04510498046875,95.9000015258789,4396.43994140625
2023-06-30,42.17255401611328,135.222412109375,130.36000061035156,458.43414306640625,96.39431762695312,4450.3798828125
2023-07-03,42.28322219848633,136.3102264404297,130.22000122070312,451.0441589355469,96.58306121826172,4455.58984375
2023-07-05,42.18751525878906,135.4021759033203,130.3800048828125,455.22796630859375,96.0887451171875,4446.81982421875
2023-07-06,41.97417449951172,134.06353759765625,128.36000061035156,452.7939147949219,92.50259399414062,4411.58984375
2023-07-07,42.37295150756836,135.12132263183594,129.77999877929688,441.91412353515625,92.71831512451172,4398.9501953125
2023-07-10,42.050933837890625,135.87960815429688,127.12999725341797,442.9698791503906,94.09343719482422,4409.52978515625
2023-07-11,42.27524185180664,138.00460815429688,128.77999877929688,429.5094909667969,95.243896484375,4439.259765625
2023-07-12,43.76766586303711,138.68798828125,130.8000030517578,430.69232177734375,95.71124267578125,4472.16015625
2023-07-13,45.83631896972656,139.3619842529297,134.3000030517578,424.9250183105469,93.95862579345703,4510.0400390625
2023-07-14,45.32986831665039,140.20452880859375,134.67999267578125,439.3530578613281,90.7229995727539,4505.419921875
2023-07-17,46.31882858276367,143.58396911621094,133.55999755859375,437.0852966308594,91.11848449707031,4522.7900390625
2023-07-18,47.34867477416992,143.84608459472656,132.8300018310547,441.05389404296875,90.70502471923828,4554.97998046875
2023-07-19,46.93294906616211,144.3983917236328,135.36000061035156,443.3609313964844,91.33419036865234,4565.72021484375
2023-07-20,45.38071060180664,146.17703247070312,129.9600067138672,453.39013671875,92.9429931640625,4534.8701171875
2023-07-21,44.17341232299805,145.05368041992188,130.0,451.6502685546875,93.37442016601562,4536.33984375
2023-07-24,44.475494384765625,147.9088897705078,128.8000030517578,448.991455078125,94.83942413330078,4554.64013671875
2023-07-25,45.53923034667969,146.80429077148438,129.1300048828125,447.25140380859375,94.98322296142578,4567.4599609375
2023-07-26,45.31292724609375,147.68421936035156,128.14999389648438,443.3902282714844,94.45294952392578,4566.75
2023-07-27,45.75954818725586,146.05535888671875,128.25,444.7586975097656,94.7495346069336,4537.41015625
2023-07-28,46.60695266723633,146.88851928710938,132.2100067138672,448.1702880859375,93.61708068847656,4582.22998046875
2023-07-31,46.58600997924805,147.8714599609375,133.67999267578125,444.32867431640625,96.38533020019531,4588.9599609375
2023-08-01,46.36468505859375,147.14126586914062,131.69000244140625,442.9014892578125,95.82809448242188,4576.72998046875
2023-08-02,44.133541107177734,145.47494506835938,128.2100067138672,444.26019287109375,94.63270568847656,4513.39013671875
2023-08-03,44.37879180908203,146.3643035888672,128.91000366210938,439.0598449707031,96.2774887084961,4501.89013671875
2023-08-04,44.54328155517578,146.05535888671875,139.57000732421875,439.3824157714844,96.54711151123047,4478.02978515625
2023-08-07,45.27803421020508,146.74810791015625,142.22000122070312,443.869140625,96.3493881225586,4518.43994140625
2023-08-08,44.527339935302734,145.92430114746094,139.94000244140625,509.87078857421875,96.82573699951172,4499.3798828125
2023-08-09,42.42379379272461,143.96778869628906,137.85000610351562,514.3968505859375,98.47050476074219,4467.7099609375
2023-08-10,42.2582893371582,143.75245666503906,138.55999755859375,509.6168518066406,98.97381591796875,4468.830078125
2023-08-11,40.729984283447266,144.58560180664062,138.41000366210938,516.4006958007812,100.51073455810547,4464.0498046875
2023-08-14,43.6191291809082,144.88519287109375,140.57000732421875,527.0294799804688,100.59162139892578,4489.72021484375
2023-08-15,43.8055534362793,141.1968231201172,137.6699981689453,535.4736328125,98.00910186767578,4437.85986328125
2023-08-16,43.35293960571289,140.59771728515625,135.07000732421875,535.1014404296875,96.35991668701172,4404.330078125
2023-08-17,43.21137237548828,139.13734436035156,133.97999572753906,526.6963500976562,98.22659301757812,4370.35986328125
2023-08-18,43.16651153564453,139.45562744140625,133.22000122070312,535.2875366210938,99.71266174316406,4369.7099609375
2023-08-21,46.82329177856445,139.9330596923828,134.67999267578125,538.833740234375,98.50747680664062,4399.77001953125
2023-08-22,45.528263092041016,137.03102111816406,134.25,542.3700561523438,97.9547348022461,4387.5498046875
2023-08-23,46.971832275390625,137.95782470703125,135.52000427246094,542.076171875,97.09390258789062,4436.009765625
2023-08-24,47.0186882019043,137.82675170898438,131.83999633789062,536.825439453125,96.36898040771484,4376.31005859375
2023-08-25,45.87718963623047,137.6582489013672,133.25999450683594,542.3602905273438,98.09066009521484,4405.7099609375
2023-08-28,46.69169616699219,138.13568115234375,133.13999938964844,542.6246948242188,98.91525268554688,4433.31005859375
2023-08-29,48.63473129272461,139.259033203125,134.91000366210938,542.6053466796875,99.50425720214844,4497.6298828125
2023-08-30,49.113258361816406,138.69735717773438,135.07000732421875,536.8157958984375,100.47383117675781,4514.8701171875
2023-08-31,49.20398712158203,136.98423767089844,138.00999450683594,542.899169921875,100.75473022460938,4507.66015625
2023-09-01,48.360572814941406,137.44293212890625,138.1199951171875,545.749755859375,102.86605834960938,4515.77001953125
2023-09-05,48.399452209472656,135.92640686035156,137.27000427246094,546.8077392578125,102.8751220703125,4496.830078125
2023-09-06,46.92086410522461,135.70175170898438,135.36000061035156,548.5319213867188,103.76314544677734,4465.47998046875
2023-09-07,46.103309631347656,134.5409393310547,137.85000610351562,561.5409545898438,103.25569915771484,4451.14013671875
2023-09-08,45.43629455566406,134.6438751220703,138.22999572753906,574.5012817382812,104.75991821289062,4457.490234375
2023-09-11,45.04347229003906,135.23365783691406,143.10000610351562,583.4157104492188,103.44600677490234,4487.4599609375
2023-09-12,44.73638916015625,136.99359130859375,141.22999572753906,587.0794677734375,106.46346282958984,4461.89990234375
2023-09-13,45.34956359863281,137.05911254882812,144.85000610351562,586.6680908203125,105.51203918457031,4467.43994140625
2023-09-14,45.445274353027344,139.71774291992188,144.72000122070312,579.5463256835938,107.39681243896484,4505.10009765625
2023-09-15,43.769283294677734,139.30580139160156,140.38999938964844,563.9214477539062,105.74762725830078,4450.31982421875
2023-09-18,43.8350830078125,139.59605407714844,139.97999572753906,559.6307983398438,106.59939575195312,4453.52978515625
2023-09-19,43.390411376953125,139.41818237304688,137.6300048828125,563.23583984375,106.31851196289062,4443.9501953125
2023-09-20,42.113224029541016,138.8284149169922,135.2899932861328,558.0242919921875,105.47576904296875,4402.2001953125
2023-09-21,40.89485168457031,137.74249267578125,129.3300018310547,538.912109375,103.98969268798828,4330.0
2023-09-22,41.48609924316406,136.4225311279297,129.1199951171875,539.3136596679688,104.15279388427734,4320.06005859375
2023-09-25,42.09627151489258,137.0965576171875,131.27000427246094,541.0281372070312,105.32173919677734,4337.43994140625
2023-09-26,41.78619384765625,135.67364501953125,125.9800033569336,538.7945556640625,105.48484802246094,4273.52978515625
2023-09-27,42.3415412902832,136.46934509277344,125.9800033569336,538.5497436523438,108.91913604736328,4274.509765625
2023-09-28,42.960697174072266,138.16372680664062,125.9800033569336,533.3480224609375,108.25765228271484,4299.7001953125
2023-09-29,43.369476318359375,135.75791931152344,127.12000274658203,526.1771850585938,106.5450210571289,4288.0498046875
2023-10-02,44.648658752441406,134.5877227783203,129.4600067138672,527.3135375976562,104.77804565429688,4288.39013671875
2023-10-03,43.387413024902344,133.595458984375,124.72000122070312,514.4806518554688,104.95927429199219,4229.4501953125
2023-10-04,43.90985870361328,134.194580078125,127.0,520.6227416992188,101.03564453125,4263.75
2023-10-05,44.554931640625,134.76036071777344,125.95999908447266,530.4384765625,98.76121520996094,4258.18994140625
2023-10-06,45.625736236572266,136.8350830078125,127.95999908447266,553.6943969726562,97.11202239990234,4308.5
2023-10-09,45.13819122314453,136.5238800048828,128.25999450683594,560.10107421875,100.51007080078125,4335.66015625
2023-10-10,45.66162109375,137.35372924804688,129.47999572753906,567.4970092773438,100.08419036865234,4358.240234375
2023-10-11,46.6666259765625,137.8252716064453,131.8300018310547,592.9375610351562,96.49583435058594,4376.9501953125
2023-10-12,46.80520248413086,137.50462341308594,132.3300018310547,598.051025390625,96.47771453857422,4349.60986328125
2023-10-13,45.32563018798828,139.5698699951172,129.7899932861328,596.7775268554688,99.5586166381836,4327.77978515625
2023-10-16,45.95774459838867,139.42845153808594,132.5500030517578,604.0657958984375,99.63111114501953,4373.6298828125
2023-10-17,43.807167053222656,139.12667846679688,131.47000122070312,595.9057006835938,100.93595886230469,4373.2001953125
2023-10-18,42.07035446166992,137.59893798828125,128.1300048828125,594.8576049804688,102.34956359863281,4314.60009765625
2023-10-19,41.975643157958984,137.01425170898438,128.39999389648438,578.7527465820312,102.4129867553711,4278.0
2023-10-20,41.26376724243164,134.80752563476562,125.16999816894531,572.7184448242188,100.65507507324219,4224.16015625
2023-10-23,42.8470344543457,132.96861267089844,126.55999755859375,564.8914184570312,99.17802429199219,4217.0400390625
2023-10-24,43.53298568725586,133.12892150878906,128.55999755859375,580.3495483398438,98.21751403808594,4247.68017578125
2023-10-25,41.65459060668945,132.40280151367188,121.38999938964844,574.5012817382812,98.39874267578125,4186.77001953125
2023-10-26,40.205928802490234,132.74229431152344,119.56999969482422,556.515625,97.50165557861328,4137.22998046875
2023-10-27,40.3794059753418,127.96105194091797,127.73999786376953,548.8062133789062,95.6440658569336,4117.3701171875
2023-10-30,41.03843307495117,129.59251403808594,132.7100067138672,554.1744384765625,95.9430923461914,4166.81982421875
2023-10-31,40.6585693359375,131.1391143798828,133.08999633789062,542.6346435546875,95.91590118408203,4193.7998046875
2023-11-01,42.198974609375,131.0259246826172,137.0,543.1538696289062,95.7256088256836,4237.85986328125
2023-11-02,43.3764533996582,133.3647003173828,138.07000732421875,568.45703125,98.86994934082031,4317.77978515625
2023-11-03,44.87098693847656,134.8546905517578,138.60000610351562,556.2315673828125,97.66476440429688,4358.33984375
2023-11-06,45.61476516723633,135.8731689453125,139.74000549316406,583.0532836914062,95.93402862548828,4365.97998046875
2023-11-07,45.81816101074219,135.80712890625,142.7100067138672,587.6965942382812,94.4298095703125,4378.3798828125
2023-11-08,46.4353141784668,136.47669982910156,142.0800018310547,606.505126953125,93.26995849609375,4382.77978515625
2023-11-09,46.81018829345703,136.07118225097656,140.60000610351562,579.26220703125,93.29712677001953,4347.35009765625
2023-11-10,48.19106674194336,138.0893096923828,143.55999755859375,585.5218505859375,94.01299285888672,4415.240234375
2023-11-13,48.475223541259766,137.47634887695312,142.58999633789062,600.2159423828125,95.00067138671875,4411.5498046875
2023-11-14,49.50813293457031,139.98483276367188,145.8000030517578,599.4701538085938,95.36646270751953,4495.7001953125
2023-11-15,48.742427825927734,141.2107696533203,143.1999969482422,577.60400390625,94.79037475585938,4502.8798828125
2023-11-16,49.332664489746094,142.82339477539062,142.8300018310547,577.8102416992188,93.69305419921875,4508.240234375
2023-11-17,49.15121078491211,144.11537170410156,145.17999267578125,580.71533203125,95.9791488647461,4514.02001953125
2023-11-20,50.2588996887207,144.55856323242188,146.1300048828125,586.495849609375,95.55850219726562,4547.3798828125
2023-11-21,49.79528045654297,144.2567901611328,143.89999389648438,581.5886840820312,95.52193450927734,4538.18994140625
2023-11-22,48.5709342956543,144.59629821777344,146.7100067138672,584.0324096679688,95.11043548583984,4556.6201171875
2023-11-24,47.63373947143555,144.7943115234375,146.74000549316406,589.9307250976562,95.62251281738281,4559.33984375
2023-11-27,48.09834289550781,144.4642791748047,147.72999572753906,580.5386352539062,95.06470489501953,4550.43017578125
2023-11-28,47.67860794067383,144.7943115234375,147.02999877929688,580.6072387695312,95.00982666015625,4554.89013671875
2023-11-29,47.99665832519531,145.5299072265625,146.32000732421875,580.8624877929688,93.58332061767578,4550.580078125
2023-11-30,46.630733489990234,147.18966674804688,146.08999633789062,580.0576171875,93.94910430908203,4567.7998046875
2023-12-01,46.62575149536133,147.9063720703125,147.02999877929688,573.187744140625,94.17768859863281,4594.6298828125
2023-12-04,45.37447738647461,148.9908447265625,144.83999633789062,574.79736328125,93.6656265258789,4569.77978515625
2023-12-05,46.43142318725586,148.9720001220703,146.8800048828125,577.2213745117188,91.84589385986328,4567.18017578125
2023-12-06,45.371490478515625,147.40655517578125,144.52000427246094,578.3009033203125,90.62969207763672,4549.33984375
2023-12-07,46.46133804321289,147.85922241210938,146.8800048828125,577.339111328125,89.99872589111328,4585.58984375
2023-12-08,47.36870574951172,149.49066162109375,147.4199981689453,586.9374389648438,91.03203582763672,4604.3701171875
2023-12-11,46.492244720458984,150.03765869140625,145.88999938964844,573.187744140625,91.09606170654297,4622.43994140625
2023-12-12,47.519264221191406,151.37673950195312,147.47999572753906,573.8944702148438,89.660400390625,4643.7001953125
2023-12-13,47.94902420043945,151.88597106933594,148.83999633789062,586.3975219726562,90.45594024658203,4707.08984375
2023-12-14,48.210262298583984,154.64910888671875,147.4199981689453,563.010498046875,92.88834381103516,4719.5498046875
2023-12-15,48.74870300292969,155.81846618652344,149.97000122070312,561.4107055664062,92.26652526855469,4719.18994140625
2023-12-18,49.932273864746094,156.76150512695312,154.07000732421875,568.9871826171875,92.95234680175781,4740.56005859375
2023-12-19,49.46063995361328,158.85507202148438,153.7899932861328,569.036376953125,94.17768859863281,4768.3701171875
2023-12-20,47.97195053100586,157.0632781982422,152.1199951171875,559.61474609375,92.6048583984375,4698.35009765625
2023-12-21,48.84841537475586,157.95916748046875,153.83999633789062,561.3714599609375,93.02552032470703,4746.75
2023-12-22,48.688873291015625,157.86485290527344,153.4199981689453,559.7914428710938,93.19011688232422,4754.6298828125
2023-12-26,49.13658142089844,158.79849243164062,153.41000366210938,560.066162109375,93.40042877197266,4774.75
2023-12-27,49.27418518066406,159.7509307861328,153.33999633789062,570.704833984375,92.96150970458984,4781.580078125
2023-12-28,49.37887954711914,160.59970092773438,153.3800048828125,570.0569458007812,91.6172866821289,4783.35009765625
2023-12-29,49.37887954711914,160.41104125976562,151.94000244140625,572.0884399414062,91.42523956298828,4769.830078125
2024-01-02,48.02878952026367,162.27828979492188,149.92999267578125,581.196044921875,93.60161590576172,4742.830078125
2024-01-03,47.431522369384766,161.5709991455078,148.47000122070312,606.2222900390625,94.38802337646484,4704.81005859375
2024-01-04,47.859283447265625,162.64320373535156,144.57000732421875,603.0817260742188,93.5650405883789,4688.68017578125
2024-01-05,48.955108642578125,163.45924377441406,145.24000549316406,607.0565795898438,93.84850311279297,4697.240234375
2024-01-08,52.101985931396484,163.22201538085938,149.10000610351562,614.3975830078125,92.28480529785156,4763.5400390625
2024-01-09,52.98642349243164,161.93157958984375,151.3699951171875,613.857666015625,91.14178466796875,4756.5
2024-01-10,54.192928314208984,162.27317810058594,153.72999572753906,618.480224609375,90.24562072753906,4783.4501953125
2024-01-11,54.6635627746582,161.5900115966797,155.17999267578125,623.9073486328125,90.22733306884766,4780.240234375
2024-01-12,54.55188751220703,160.4038848876953,154.6199951171875,630.9737548828125,91.39781951904297,4783.830078125
2024-01-16,56.219051361083984,159.39813232421875,153.16000366210938,622.7788696289062,89.33118438720703,4765.97998046875
2024-01-17,55.89101028442383,158.54417419433594,151.7100067138672,617.22412109375,88.68193054199219,4739.2099609375
2024-01-18,56.941959381103516,158.85731506347656,153.5,611.7672729492188,88.51734161376953,4780.93994140625
2024-01-19,59.31906509399414,161.59947204589844,155.33999633789062,616.9002075195312,88.65450286865234,4839.81005859375
2024-01-22,59.48159408569336,161.40968322753906,154.77999877929688,619.1573486328125,88.53562927246094,4850.43017578125
2024-01-23,59.69996643066406,160.3470001220703,156.02000427246094,617.9796752929688,89.53238677978516,4864.60009765625
2024-01-24,61.18466567993164,161.77976989746094,156.8699951171875,621.9249267578125,91.0777587890625,4868.5498046875
2024-01-25,61.43892288208008,164.09498596191406,157.75,615.9580078125,93.39128112792969,4894.16015625
2024-01-26,60.854610443115234,163.46873474121094,159.1199951171875,627.371826171875,94.18683624267578,4890.97021484375
2024-01-29,62.28446578979492,163.8957061767578,161.25999450683594,633.01513671875,94.30571746826172,4927.93017578125
2024-01-30,62.59258270263672,167.254638671875,159.0,632.995361328125,95.87854766845703,4924.97021484375
2024-01-31,61.349178314208984,165.44235229492188,155.1999969482422,633.6135864257812,94.01311492919922,4845.64990234375
2024-02-01,62.844852447509766,164.84454345703125,159.27999877929688,648.1582641601562,93.62903594970703,4906.18994140625
2024-02-02,65.96879577636719,165.7934112548828,171.80999755859375,655.2442016601562,93.24497985839844,4958.60986328125
2024-02-05,69.13162231445312,165.57518005371094,170.30999755859375,693.077880859375,92.86090087890625,4942.81005859375
2024-02-06,68.02583312988281,166.1444854736328,169.14999389648438,691.9296264648438,93.50102233886719,4954.22998046875
2024-02-07,69.89640045166016,166.45761108398438,170.52999877929688,711.9014282226562,93.47359466552734,4995.06005859375
2024-02-08,69.43972778320312,165.8598175048828,169.83999633789062,722.0101318359375,95.07384490966797,4997.91015625
2024-02-09,71.9245376586914,166.05909729003906,174.4499969482422,726.4067993164062,93.06208801269531,5026.60986328125
2024-02-12,72.03919219970703,166.79920959472656,172.33999633789062,723.5606689453125,94.34229278564453,5021.83984375
2024-02-13,71.9195556640625,165.3474578857422,168.63999938964844,729.1646118164062,93.53010559082031,4953.169921875
2024-02-14,73.6864242553711,167.02691650390625,170.97999572753906,744.5409545898438,93.06864166259766,5000.6201171875
2024-02-15,72.44800567626953,170.67051696777344,169.8000030517578,745.0030517578125,95.73593139648438,5029.72998046875
2024-02-16,72.40313720703125,169.87347412109375,169.50999450683594,768.8735961914062,95.73593139648438,5005.56982421875
2024-02-20,69.25128173828125,170.5376739501953,167.0800018310547,742.9187622070312,94.83145904541016,4975.509765625
2024-02-21,67.27701568603516,171.6478271484375,168.58999633789062,733.3330688476562,96.76961517333984,4981.7998046875
2024-02-22,78.31101989746094,173.7068634033203,174.5800018310547,756.6630859375,96.6865463256836,5087.02978515625
2024-02-23,78.58921813964844,174.57980346679688,174.99000549316406,756.564697265625,95.83744812011719,5088.7998046875
2024-02-26,78.8634262084961,173.98204040527344,174.72999572753906,758.904541015625,96.21585083007812,5069.52978515625
2024-02-27,78.47354888916016,174.06741333007812,173.5399932861328,752.1011962890625,96.01280212402344,5078.18017578125
2024-02-28,77.43855285644531,174.94989013671875,173.16000366210938,744.8652954101562,96.28045654296875,5069.759765625
2024-02-29,78.88336944580078,176.5439453125,176.75999450683594,740.9721069335938,96.46504211425781,5096.27001953125
2024-03-01,82.04120635986328,175.8133087158203,178.22000122070312,768.9326171875,97.68331909179688,5137.080078125
2024-03-04,84.99065399169922,177.13223266601562,177.5800018310547,778.9212646484375,96.31736755371094,5130.9501953125
2024-03-05,85.7195816040039,178.90658569335938,174.1199951171875,764.47900390625,97.49872589111328,5078.64990234375
2024-03-06,88.44779205322266,179.83645629882812,173.50999450683594,766.6221923828125,98.54165649414062,5104.759765625
2024-03-07,92.40552520751953,178.2613525390625,176.82000732421875,767.005615234375,99.09540557861328,5157.35986328125
2024-03-08,87.27912902832031,178.59349060058594,175.35000610351562,749.28955078125,100.0275650024414,5123.68994140625
2024-03-11,85.53012084960938,178.6598663330078,171.9600067138672,721.9877319335938,100.61823272705078,5117.93994140625
2024-03-12,91.65165710449219,180.130615234375,175.38999938964844,742.2208251953125,99.9721908569336,5175.27001953125
2024-03-13,90.62958526611328,181.5918426513672,176.55999755859375,745.06201171875,101.08893585205078,5165.31005859375
2024-03-14,87.69395446777344,178.35626220703125,178.75,747.9031982421875,102.87944030761719,5150.47998046875
2024-03-15,87.5872573852539,180.56710815429688,174.4199981689453,741.4539184570312,102.69483947753906,5117.08984375
2024-03-18,88.20350646972656,182.80638122558594,174.47999572753906,749.8006591796875,103.64546203613281,5149.419921875
2024-03-19,89.14382934570312,183.8785858154297,175.89999389648438,759.7500610351562,104.37458801269531,5178.509765625
2024-03-20,90.11505126953125,186.28866577148438,178.14999389648438,759.8287353515625,104.28229522705078,5224.6201171875
2024-03-21,91.1750259399414,188.87905883789062,178.14999389648438,757.2725219726562,104.74375915527344,5241.52978515625
2024-03-22,94.02091217041016,186.5638427734375,178.8699951171875,757.6166381835938,104.74375915527344,5234.18017578125
2024-03-25,94.73187255859375,184.85592651367188,179.7100067138672,760.1040649414062,105.81436920166016,5218.18994140625
2024-03-26,92.29782104492188,185.7193603515625,178.3000030517578,761.8342895507812,105.02063751220703,5203.580078125
2024-03-27,89.99340057373047,189.3155059814453,179.8300018310547,765.0589599609375,106.1097183227539,5248.490234375
2024-03-28,90.09909057617188,190.05564880371094,180.3800048828125,764.8428344726562,107.28182220458984,5254.35009765625
2024-04-01,90.10607147216797,188.76519775390625,180.97000122070312,747.7262573242188,107.9740219116211,5243.77001953125
2024-04-02,89.19766998291016,188.6892852783203,180.69000244140625,751.0787963867188,110.08753967285156,5205.81005859375
2024-04-03,88.7110366821289,188.15792846679688,182.41000366210938,762.9058837890625,110.10600280761719,5211.490234375
2024-04-04,85.6607437133789,186.72633361816406,180.0,755.12939453125,110.49363708496094,5147.2099609375
2024-04-05,87.75776672363281,188.4442596435547,185.07000732421875,770.9873046875,112.0164794921875,5204.33984375
2024-04-08,86.88525390625,189.42727661132812,185.19000244140625,764.1839599609375,111.25967407226562,5202.39013671875
2024-04-09,85.1113052368164,188.15792846679688,185.6699981689453,744.4721069335938,111.84112548828125,5209.91015625
2024-04-10,86.7915267944336,186.55455017089844,185.9499969482422,749.1322021484375,112.78251647949219,5160.64013671875
2024-04-11,90.35835266113281,186.51637268066406,189.0500030517578,746.7824096679688,112.40409851074219,5199.06005859375
2024-04-12,87.93526458740234,174.452880859375,186.1300048828125,738.9666137695312,111.09355926513672,5123.41015625
2024-04-15,85.75648498535156,174.54830932617188,183.6199951171875,738.111328125,110.45671844482422,5061.81982421875
2024-04-16,87.16645812988281,172.5536651611328,183.32000732421875,734.1490478515625,109.54301452636719,5051.41015625
2024-04-17,83.79605865478516,171.86647033691406,181.27999877929688,738.111328125,109.48764038085938,5022.2099609375
2024-04-18,84.43025207519531,172.98312377929688,179.22000122070312,733.3724365234375,109.38611602783203,5011.1201171875
2024-04-19,75.98333740234375,177.3256072998047,174.6300048828125,714.0635986328125,110.64130401611328,4967.22998046875
2024-04-22,79.29190826416016,180.7709503173828,177.22999572753906,718.9990844726562,111.2688980102539,5010.60009765625
2024-04-23,82.18865203857422,183.37643432617188,179.5399932861328,733.1168212890625,111.70266723632812,5070.5498046875
2024-04-24,79.4504623413086,184.2735595703125,176.58999633789062,719.8541870117188,111.72113037109375,5071.6298828125
2024-04-25,82.39706420898438,184.55030822753906,173.6699981689453,712.6478881835938,111.97956085205078,5048.419921875
2024-04-26,87.48554229736328,184.66488647460938,179.6199951171875,721.1422729492188,108.86927032470703,5099.9599609375
2024-04-29,87.50748443603516,184.46441650390625,180.9600067138672,724.7700805664062,110.4197998046875,5116.169921875
2024-04-30,86.15634155273438,182.99468994140625,175.0,767.9298095703125,109.1553955078125,5035.68994140625
2024-05-01,82.80489349365234,183.1092071533203,179.0,763.6531372070312,107.0880126953125,5018.39013671875
2024-05-02,85.572998046875,182.91831970214844,184.72000122070312,743.1644897460938,107.28182220458984,5064.2001953125
2024-05-03,88.53654479980469,181.82078552246094,186.2100067138672,722.57763671875,107.0603256225586,5127.7900390625
2024-05-06,91.87801361083984,183.24281311035156,188.6999969482422,753.7528686523438,107.75253295898438,5180.740234375
2024-05-07,90.2965316772461,183.00424194335938,188.75999450683594,764.6559448242188,107.21723175048828,5187.7001953125
2024-05-08,90.15493774414062,186.72633361816406,188.0,761.9327392578125,107.19877624511719,5187.669921875
2024-05-09,88.49466705322266,188.49195861816406,189.5,758.540771484375,109.31228637695312,5214.080078125
2024-05-10,89.6224594116211,189.70404052734375,187.47999572753906,747.1856079101562,108.86927032470703,5222.68017578125
2024-05-13,90.14197540283203,189.66586303710938,186.57000732421875,744.92431640625,108.82313537597656,5221.419921875
2024-05-14,91.09626007080078,192.3190460205078,187.07000732421875,751.0984497070312,109.48373413085938,5246.68017578125
2024-05-15,94.36095428466797,192.8916778564453,185.99000549316406,775.06884765625,110.33043670654297,5308.14990234375
2024-05-16,94.09071350097656,193.23526000976562,183.6300048828125,759.4102783203125,109.66983032226562,5297.10009765625
2024-05-17,92.21604919433594,195.44943237304688,184.6999969482422,758.3072509765625,111.31668090820312,5303.27001953125
2024-05-20,94.51050567626953,186.65953063964844,183.5399932861328,771.2871704101562,110.41417694091797,5308.1298828125
2024-05-21,95.11479187011719,190.41981506347656,183.14999389648438,790.9735717773438,109.65120697021484,5321.41015625
2024-05-22,94.6800308227539,189.26502990722656,183.1300048828125,790.7175903320312,107.44609832763672,5307.009765625
2024-05-23,103.5038833618164,187.9384307861328,181.0500030517578,796.1734008789062,105.61315155029297,5267.83984375
2024-05-24,106.1662826538086,191.5555419921875,180.75,795.1688842773438,105.52940368652344,5304.72021484375
2024-05-28,113.5771484375,190.40072631835938,182.14999389648438,795.5923461914062,106.86923217773438,5306.0400390625
2024-05-29,114.4985122680664,189.07412719726562,182.02000427246094,799.20654296875,105.72478485107422,5266.9501953125
2024-05-30,110.18582153320312,190.2384796142578,179.32000732421875,802.6829223632812,106.05975341796875,5235.47998046875
2024-05-31,109.32128143310547,193.3879852294922,176.44000244140625,807.8829345703125,109.10226440429688,5277.509765625
2024-06-03,114.67301940917969,192.6149444580078,178.33999633789062,818.636962890625,106.48773193359375,5283.39990234375
2024-06-04,116.1059341430664,190.07623291015625,179.33999633789062,819.9467163085938,104.83158111572266,5291.33984375
2024-06-05,122.09188079833984,188.26292419433594,181.27999877929688,819.12939453125,105.2502670288086,5354.02978515625
2024-06-06,120.65397644042969,187.92889404296875,185.0,824.575439453125,106.0411376953125,5352.9599609375
2024-06-07,120.5442886352539,190.83021545410156,184.3000030517578,837.0826416015625,104.906005859375,5346.990234375
2024-06-10,121.4437026977539,190.50575256347656,187.05999755859375,851.8646850585938,105.21304321289062,5360.7900390625
2024-06-11,120.57613372802734,185.49517822265625,187.22999572753906,852.6722412109375,104.36637115478516,5375.31982421875
2024-06-12,124.85426330566406,182.7942352294922,186.88999938964844,854.1296997070312,103.21263122558594,5421.02978515625
2024-06-13,129.2520751953125,184.82711791992188,183.8300018310547,869.9163208007812,102.3845443725586,5433.740234375
2024-06-14,131.51583862304688,184.94163513183594,183.66000366210938,865.1104125976562,101.51925659179688,5431.60009765625
2024-06-17,130.61831665039062,186.08689880371094,184.05999755859375,871.57080078125,100.8214340209961,5473.22998046875
2024-06-18,135.20559692382812,188.0147705078125,182.80999755859375,877.9229125976562,101.77046203613281,5487.02978515625
2024-06-20,130.41888427734375,189.6085968017578,186.10000610351562,872.535888671875,103.9662857055664,5473.169921875
2024-06-21,126.22048950195312,187.34669494628906,189.0800018310547,870.4579467773438,103.0544662475586,5464.6201171875
2024-06-24,117.78384399414062,189.8090362548828,185.57000732421875,876.5933227539062,106.1155776977539,5447.8701171875
2024-06-25,125.74181365966797,189.0359344482422,186.33999633789062,890.8731079101562,106.41331481933594,5469.2998046875
2024-06-26,126.05097198486328,188.42514038085938,193.61000061035156,887.5740966796875,106.4505386352539,5477.89990234375
2024-06-27,123.64762115478516,190.08578491210938,197.85000610351562,895.2359619140625,106.90644073486328,5482.8701171875
2024-06-28,123.1988754272461,193.0348663330078,193.25,891.6314697265625,107.11114501953125,5460.47998046875
2024-07-01,123.9567642211914,196.07937622070312,197.1999969482422,900.4849853515625,106.96227264404297,5475.08984375
2024-07-02,122.33126831054688,199.30520629882812,200.0,892.9413452148438,106.23653411865234,5509.009765625
2024-07-03,127.92577362060547,199.1715850830078,197.58999633789062,884.4619750976562,106.77618408203125,5537.02001953125
2024-07-05,125.48253631591797,196.53245544433594,200.0,900.6818237304688,105.4828872680664,5567.18994140625
2024-07-08,127.84598541259766,196.89715576171875,199.2899932861328,904.0598754882812,104.37566375732422,5572.85009765625
2024-07-09,131.01722717285156,199.25796508789062,199.33999633789062,918.3396606445312,103.2219467163086,5576.97998046875
2024-07-10,134.5374755859375,199.4210968017578,199.7899932861328,925.5090942382812,104.13375854492188,5633.91015625
2024-07-11,127.04820251464844,199.085205078125,195.0500030517578,919.9547729492188,105.37124633789062,5584.5400390625
2024-07-12,128.8831329345703,196.67640686035156,194.49000549316406,933.9983520507812,105.38983154296875,5615.35009765625
2024-07-15,128.08531188964844,201.58038330078125,192.72000122070312,936.0269775390625,107.19488525390625,5631.22021484375
2024-07-16,126.01107788085938,205.00643920898438,193.02000427246094,927.3014526367188,107.96713256835938,5667.2001953125
2024-07-17,117.6641845703125,208.12539672851562,187.92999267578125,891.8383178710938,109.45582580566406,5588.27001953125
2024-07-18,120.755615234375,201.51318359375,183.75,836.0090942382812,110.53511810302734,5544.58984375
2024-07-19,117.60436248779297,201.32125854492188,183.1300048828125,844.448974609375,107.99504852294922,5505.0
2024-07-22,123.1988754272461,201.8011016845703,182.5500030517578,852.81982421875,107.25069427490234,5564.41015625
2024-07-23,122.25147247314453,201.8490753173828,186.41000366210938,864.952880859375,105.52010345458984,5555.740234375
2024-07-24,113.93450927734375,200.1792449951172,180.8300018310547,846.8223266601562,107.00879669189453,5427.1298828125
2024-07-25,111.96996307373047,200.25599670410156,179.85000610351562,808.7199096679688,109.26041412353516,5399.22021484375
2024-07-26,112.74779510498047,203.68209838867188,182.5,792.4015502929688,109.16739654541016,5459.10009765625
2024-07-29,111.28185272216797,202.34811401367188,183.1999969482422,795.5234375,108.02294921875,5463.5400390625
2024-07-30,103.44355773925781,206.5131378173828,181.7100067138672,778.2105102539062,109.94895935058594,5436.43994140625
2024-07-31,116.69685363769531,204.21949768066406,186.97999572753906,792.0570068359375,110.33972930908203,5522.2998046875
2024-08-01,108.9084243774414,199.5746307373047,184.07000732421875,819.799072265625,108.8138198852539,5446.68017578125
2024-08-02,106.9737777709961,191.11029052734375,167.89999389648438,792.2440185546875,108.74869537353516,5346.56005859375
2024-08-05,100.17262268066406,187.04122924804688,161.02000427246094,763.4873657226562,106.78547668457031,5186.330078125
2024-08-06,103.9621353149414,192.26190185546875,161.92999267578125,781.13525390625,106.21792602539062,5240.02978515625
2024-08-07,98.63687896728516,192.31948852539062,162.77000427246094,760.4147338867188,107.6321792602539,5199.5
2024-08-08,104.68013000488281,195.83189392089844,165.8000030517578,832.4736328125,109.68843078613281,5319.31005859375
2024-08-09,104.46074676513672,197.5017547607422,166.94000244140625,878.1395263671875,110.58163452148438,5344.16015625
2024-08-12,108.71895599365234,197.8760223388672,166.8000030517578,870.9503173828125,110.7212142944336,5344.39013671875
2024-08-13,115.81928253173828,199.55545043945312,170.22999572753906,894.2608642578125,109.6605224609375,5434.43017578125
2024-08-14,117.75393676757812,201.76272583007812,170.10000610351562,917.5321044921875,110.6746826171875,5455.2099609375
2024-08-15,122.52074432373047,203.0198974609375,177.58999633789062,918.715576171875,111.359375,5543.22021484375
2024-08-16,124.2359848022461,205.3423309326172,177.05999755859375,909.3861694335938,110.8341293334961,5554.25
2024-08-19,129.64102172851562,206.7626190185547,178.22000122070312,909.08056640625,111.17178344726562,5608.25
2024-08-20,126.89861297607422,205.87013244628906,178.8800048828125,936.8515625,107.46699523925781,5597.1201171875
2024-08-21,128.14517211914062,205.9468994140625,180.11000061035156,938.823974609375,106.78230285644531,5620.85009765625
2024-08-22,123.39830780029297,207.89503479003906,176.1300048828125,940.9934692382812,107.60768127441406,5570.64013671875
2024-08-23,129.0127410888672,209.50733947753906,177.0399932861328,939.5834350585938,109.0989761352539,5634.60986328125
2024-08-26,126.11079406738281,210.3326416015625,175.5,937.4039306640625,111.43438720703125,5616.83984375
2024-08-27,127.94571685791016,211.30189514160156,173.1199951171875,941.29931640625,110.37456512451172,5625.7998046875
2024-08-28,125.26315307617188,212.36715698242188,170.8000030517578,935.8358154296875,109.28656005859375,5592.18017578125
2024-08-29,117.26528930664062,213.2500457763672,172.1199951171875,927.216552734375,110.79661560058594,5591.9599609375
2024-08-30,119.04036712646484,215.73562622070312,178.5,946.7628784179688,110.61841583251953,5648.39990234375
2024-09-03,107.70176696777344,211.41708374023438,176.25,943.3211059570312,108.30174255371094,5528.93017578125
2024-09-04,105.91670989990234,210.4862060546875,173.3300018310547,933.2421875,106.97926330566406,5520.06982421875
2024-09-05,106.91395568847656,208.854736328125,177.88999938964844,900.1456298828125,106.14451599121094,5503.41015625
2024-09-06,102.54605865478516,203.8931884765625,171.38999938964844,890.2442626953125,105.64742279052734,5408.419921875
2024-09-09,106.1760025024414,208.0677947998047,175.39999389648438,895.7274780273438,107.87030029296875,5471.0498046875
2024-09-10,107.80148315429688,197.2714080810547,179.5500030517578,888.8043823242188,103.94039916992188,5495.52001953125
2024-09-11,116.58717346191406,198.8740692138672,184.52000427246094,908.1731567382812,102.90870666503906,5554.1298828125
2024-09-12,118.82117462158203,198.26950073242188,187.0,922.108154296875,104.32496643066406,5595.759765625
2024-09-13,118.78128051757812,196.08143615722656,186.49000549316406,910.9542846679688,104.24992370605469,5626.02001953125
2024-09-16,116.46749877929688,199.4786834716797,184.88999938964844,910.7865600585938,105.71308135986328,5633.08984375
2024-09-17,115.28067016601562,200.81263732910156,186.8800048828125,893.666259765625,107.09182739257812,5634.580078125
2024-09-18,113.06661987304688,199.1619873046875,186.42999267578125,892.4730224609375,107.46699523925781,5618.259765625
2024-09-19,117.55457305908203,201.9930419921875,189.8699951171875,902.4039306640625,108.79883575439453,5713.64013671875
2024-09-20,115.68958282470703,202.57843017578125,191.60000610351562,908.7648315429688,108.11415100097656,5702.5498046875
2024-09-23,115.94888305664062,202.9143524169922,193.8800048828125,905.8358154296875,110.07441711425781,5718.56982421875
2024-09-24,120.54655456542969,203.05825805664062,193.9600067138672,911.664306640625,109.78366088867188,5732.93017578125
2024-09-25,123.17948913574219,201.71473693847656,192.52999877929688,911.7925415039062,107.64518737792969,5722.259765625
2024-09-26,123.70806121826172,201.32125854492188,191.16000366210938,896.7630004882812,105.79750061035156,5745.3701171875
2024-09-27,121.07512664794922,202.01223754882812,187.97000122070312,865.6683349609375,108.63002014160156,5738.169921875
2024-09-30,121.11502838134766,202.3577117919922,186.3300018310547,873.705810546875,109.94310760498047,5762.47998046875
2024-10-01,116.68689727783203,198.69174194335938,185.1300048828125,872.2659912109375,112.48487091064453,5708.75
2024-10-02,118.53195190429688,198.93165588378906,184.75999450683594,878.7650756835938,113.97615051269531,5709.5400390625
2024-10-03,122.52124786376953,196.95472717285156,181.9600067138672,873.3211059570312,114.9703598022461,5699.93994140625
2024-10-04,124.58570098876953,203.9453582763672,186.50999450683594,874.9089965820312,117.0806884765625,5751.06982421875
2024-10-07,127.37821960449219,203.66534423828125,180.8000030517578,885.9937744140625,117.58716583251953,5695.93994140625
2024-10-08,132.53436279296875,203.49156188964844,182.72000122070312,901.102294921875,114.4638900756836,5751.1298828125
2024-10-09,132.29501342773438,206.06961059570312,185.1699981689453,907.0391235351562,114.51077270507812,5792.0400390625
2024-10-10,134.44924926757812,205.5095672607422,186.64999389648438,898.1140747070312,115.49559020996094,5780.0498046875
2024-10-11,134.43927001953125,214.63409423828125,188.82000732421875,919.1888427734375,115.9364242553711,5815.02978515625
2024-10-14,137.70053100585938,213.8520050048828,187.5399932861328,916.6741333007812,116.37724304199219,5859.85009765625
2024-10-15,131.24783325195312,214.73065185546875,187.69000244140625,900.7077026367188,112.87879943847656,5815.259765625
2024-10-16,135.3568115234375,215.9376220703125,186.88999938964844,903.764892578125,113.16957092285156,5842.47021484375
2024-10-17,136.56353759765625,216.6907501220703,187.52999877929688,904.4552612304688,112.87879943847656,5841.47021484375
2024-10-18,137.63070678710938,217.6080322265625,188.99000549316406,905.29345703125,112.55989837646484,5864.669921875
2024-10-21,143.32542419433594,215.3196563720703,189.07000732421875,893.6170654296875,112.62555694580078,5853.97998046875
2024-10-22,143.2057647705078,216.4010772705078,189.6999969482422,896.5953979492188,113.20708465576172,5851.2001953125
2024-10-23,139.18653869628906,215.71554565429688,184.7100067138672,890.77685546875,112.80376434326172,5797.419921875
2024-10-24,140.0342559814453,217.23146057128906,186.3800048828125,879.0115356445312,112.16596984863281,5809.85986328125
2024-10-25,141.16122436523438,214.65341186523438,187.8300018310547,880.3724365234375,112.07218170166016,5808.1201171875
2024-10-28,140.1439666748047,217.73355102539062,188.38999938964844,883.2225952148438,111.51881408691406,5823.52001953125
2024-10-29,140.8719940185547,215.2230987548828,190.8300018310547,891.102294921875,109.9993896484375,5832.919921875
2024-10-30,138.9671173095703,216.6811065673828,192.72999572753906,835.1359252929688,109.44600677490234,5813.669921875
2024-10-31,132.4047393798828,214.27685546875,186.39999389648438,818.2817993164062,109.5304183959961,5705.4501953125
2024-11-01,135.03765869140625,215.26170349121094,197.92999267578125,807.62109375,107.81401824951172,5728.7998046875
2024-11-04,135.68594360351562,212.2105255126953,195.77999877929688,795.0078735351562,111.24681854248047,5712.68994140625
2024-11-05,139.53558349609375,213.86166381835938,199.5,794.928955078125,111.5750961303711,5782.759765625
2024-11-06,145.22035217285156,238.55101013183594,207.08999633789062,765.6588134765625,113.48843383789062,5929.0400390625
2024-11-07,148.48158264160156,228.23883056640625,210.0500030517578,786.4378051757812,113.62914276123047,5973.10009765625
2024-11-08,147.23492431640625,228.8181610107422,208.17999267578125,820.0570678710938,113.59161376953125,5995.5400390625
2024-11-11,144.87127685546875,231.04859924316406,206.83999633789062,820.9445190429688,112.9913558959961,6001.35009765625
2024-11-12,147.8931427001953,231.30931091308594,208.91000366210938,807.5521240234375,112.87879943847656,5983.990234375
2024-11-13,145.87857055664062,232.8542022705078,214.10000610351562,800.5994262695312,113.92926788330078,5985.3798828125
2024-11-14,146.3672637939453,233.53973388671875,211.47999572753906,775.372802734375,114.00491333007812,5949.169921875
2024-11-15,141.6000518798828,236.86129760742188,202.61000061035156,737.1143188476562,112.82288360595703,5870.6201171875
2024-11-18,139.77493286132812,236.59091186523438,201.6999969482422,718.3456420898438,113.76850891113281,5893.6201171875
2024-11-19,146.61659240722656,234.7177276611328,204.61000061035156,720.8447875976562,112.17985534667969,5916.97998046875
2024-11-20,145.4995880126953,232.48727416992188,202.8800048828125,744.2364501953125,113.77796936035156,5917.10986328125
2024-11-21,146.27749633789062,236.3302001953125,198.3800048828125,740.7889404296875,115.30043029785156,5948.7099609375
2024-11-22,141.5701446533203,239.9897003173828,197.1199951171875,738.9022827148438,115.16804504394531,5969.33984375
2024-11-25,135.65602111816406,241.6697540283203,201.4499969482422,745.8070678710938,113.44701385498047,5987.3701171875
2024-11-26,136.55357360839844,241.36080932617188,207.86000061035156,779.7093505859375,111.55575561523438,6021.6298828125
2024-11-27,134.97781372070312,241.1869659423828,205.74000549316406,778.5930786132812,111.2625961303711,5998.740234375
2024-11-29,137.8800506591797,241.119384765625,207.88999938964844,785.6657104492188,111.5462875366211,6032.3798828125
2024-12-02,138.25901794433594,237.7688751220703,210.7100067138672,790.0615844726562,111.44226837158203,6047.14990234375
2024-12-03,139.88465881347656,236.38815307617188,213.44000244140625,803.4269409179688,111.27206420898438,6049.8798828125
2024-12-04,144.7515869140625,235.01705932617188,218.16000366210938,819.7359008789062,108.06637573242188,6086.490234375
2024-12-05,144.68177795410156,237.02542114257812,220.5500030517578,815.5672607421875,108.53919219970703,6075.10986328125
2024-12-06,142.06861877441406,238.84068298339844,227.02999877929688,816.6439819335938,107.39497375488281,6090.27001953125
2024-12-09,138.44805908203125,235.4129180908203,226.08999633789062,793.7957153320312,106.76141357421875,6052.85009765625
2024-12-10,134.7178192138672,234.49563598632812,225.0399932861328,789.84423828125,106.54390716552734,6034.91015625
2024-12-11,138.94676208496094,235.142578125,230.25999450683594,786.337646484375,105.83470153808594,6084.18994140625
2024-12-12,136.98190307617188,233.21144104003906,228.97000122070312,772.8240356445312,105.74011993408203,6051.25
2024-12-13,133.89996337890625,231.6762237548828,227.4600067138672,779.5116577148438,104.81340789794922,6051.08984375
2024-12-16,131.65582275390625,231.32858276367188,232.92999267578125,769.514892578125,102.57228088378906,6074.080078125
2024-12-17,130.05003356933594,230.15065002441406,231.14999389648438,769.1395263671875,102.13729095458984,6050.60986328125
2024-12-18,128.5738983154297,222.43582153320312,220.52000427246094,755.3988647460938,100.63374328613281,5872.16015625
2024-12-19,130.33924865722656,224.93663024902344,223.2899932861328,748.3162231445312,99.77322387695312,5867.080078125
2024-12-20,134.3488006591797,229.4168243408203,224.9199981689453,758.4117431640625,100.11363220214844,5930.85009765625
2024-12-23,139.30581665039062,230.17959594726562,225.05999755859375,786.5845336914062,100.52027130126953,5974.06982421875
2024-12-24,139.85440063476562,233.96458435058594,229.0500030517578,785.98193359375,100.61483001708984,6040.0400390625
2024-12-26,139.56515502929688,234.76600646972656,227.0500030517578,784.4706420898438,100.69993591308594,6037.58984375
2024-12-27,136.6527557373047,232.86386108398438,223.75,773.6341552734375,100.69047546386719,5970.83984375
2024-12-30,137.13150024414062,231.07757568359375,221.3000030517578,764.4177856445312,100.00962829589844,5906.93994140625
2024-12-31,133.9398651123047,231.45413208007812,219.38999938964844,762.6002197265625,101.7212142944336,5881.6298828125
2025-01-02,137.9493865966797,231.7341766357422,220.22000122070312,768.5962524414062,101.475341796875,5868.5498046875
2025-01-03,144.09332275390625,234.90118408203125,224.19000244140625,772.4586181640625,101.99544525146484,5942.47021484375
2025-01-06,149.0403594970703,233.75595092773438,227.61000061035156,755.7840576171875,101.88196563720703,5975.3798828125
2025-01-07,139.77459716796875,236.00759887695312,222.11000061035156,763.8744506835938,102.83705139160156,5909.02978515625
2025-01-08,139.74468994140625,235.96876525878906,222.1300048828125,777.6348266601562,101.11601257324219,5918.25
2025-01-10,135.55563354492188,232.8048095703125,218.94000244140625,790.1604614257812,100.7472152709961,5827.0400390625
2025-01-13,132.8826446533203,237.01698303222656,218.4600067138672,787.7698974609375,103.34769439697266,5836.22021484375
2025-01-14,131.41644287109375,240.1809539794922,217.75999450683594,735.8399658203125,103.75431823730469,5842.91015625
2025-01-15,135.88478088378906,244.917236328125,223.35000610351562,737.6477661132812,105.44699096679688,5949.91015625
2025-01-16,133.2217559814453,246.78067016601562,220.66000366210938,748.37548828125,105.2673110961914,5937.33984375
2025-01-17,137.35093688964844,251.52664184570312,225.94000244140625,716.8836059570312,106.21293640136719,5996.66015625
2025-01-21,140.4628143310547,255.28268432617188,230.7100067138672,733.3111572265625,105.40916442871094,6049.240234375
2025-01-22,146.68653869628906,255.09825134277344,235.00999450683594,744.799560546875,103.57464599609375,6086.3701171875
2025-01-23,146.83615112304688,258.11663818359375,235.4199981689453,757.2658081054688,104.16093444824219,6118.7099609375
2025-01-24,142.24813842773438,257.0393371582031,234.85000610351562,775.8468017578125,102.75194549560547,6101.240234375
2025-01-27,118.11123657226562,258.01959228515625,235.4199981689453,798.3297119140625,104.17985534667969,6012.27978515625
2025-01-28,128.65370178222656,259.2715759277344,238.14999389648438,795.1884155273438,102.16566467285156,6067.7001953125
2025-01-29,123.3774642944336,258.72808837890625,237.07000732421875,794.2896118164062,102.76140594482422,6039.31005859375
2025-01-30,124.32500457763672,260.3294677734375,234.63999938964844,813.2064208984375,103.61247253417969,6071.169921875
2025-01-31,119.7569351196289,259.4268798828125,237.67999267578125,801.2042846679688,101.02144622802734,6040.52978515625
2025-02-03,116.3558349609375,258.9513244628906,237.4199981689453,800.5621948242188,101.26731872558594,5994.56982421875
2025-02-04,118.34062957763672,260.04803466796875,242.05999755859375,816.0117797851562,103.98126220703125,6037.8798828125
2025-02-05,124.50452423095703,262.46466064453125,236.1699981689453,831.9255981445312,103.9056167602539,6061.47998046875
2025-02-06,128.34449768066406,268.7441101074219,238.8300018310547,859.7723388671875,102.53445434570312,6083.56982421875
2025-02-07,129.50146484375,267.676513671875,229.14999389648438,867.61572265625,102.96944427490234,6025.990234375
2025-02-10,133.2217559814453,263.0567321777344,233.13999938964844,858.3005981445312,104.93634796142578,6066.43994140625
2025-02-11,132.45376586914062,266.890380859375,232.75999450683594,854.4677124023438,105.59829711914062,6068.5
2025-02-12,130.798095703125,267.33685302734375,228.92999267578125,862.3406982421875,102.42118835449219,6051.97021484375
2025-02-13,134.93724060058594,268.1811828613281,230.3699951171875,861.2442626953125,103.16536712646484,6115.06982421875
2025-02-14,138.4879608154297,268.4432373046875,228.67999267578125,835.4276123046875,103.27032470703125,6114.6298828125
2025-02-18,139.0365447998047,271.70428466796875,226.64999389648438,848.2221069335938,105.08308410644531,6129.580078125
2025-02-19,138.86695861816406,271.02490234375,226.6300048828125,857.968994140625,105.23573303222656,6144.14990234375
2025-02-20,139.74468994140625,258.94158935546875,222.8800048828125,863.9754638671875,106.8576889038086,6117.52001953125
2025-02-21,134.07949829101562,256.45703125,216.5800018310547,864.529541015625,105.60783386230469,6013.1298828125
2025-02-24,129.94032287597656,253.64244079589844,212.7100067138672,872.168701171875,106.16120147705078,5983.25
2025-02-25,126.29983520507812,249.81846618652344,212.8000030517578,892.35498046875,104.69190979003906,5955.25
2025-02-26,130.9376983642578,251.1675262451172,214.35000610351562,905.4266967773438,104.4343032836914,5956.06005859375
2025-02-27,119.83672332763672,251.4198455810547,208.74000549316406,895.6796875,105.09260559082031,5861.56982421875
2025-02-28,124.59428405761719,256.8548889160156,212.27999877929688,910.98779296875,106.21844482421875,5954.5
2025-03-03,113.76260375976562,252.94358825683594,205.02000427246094,919.9825439453125,102.81236267089844,5849.72021484375
2025-03-04,115.68756866455078,242.8790740966797,203.8000030517578,901.51806640625,102.60245513916016,5778.14990234375
2025-03-05,116.99415588378906,244.12136840820312,208.36000061035156,919.9825439453125,100.598876953125,5842.6298828125
2025-03-06,110.28170776367188,239.27833557128906,200.6999969482422,903.2001342773438,102.67879486083984,5738.52001953125
2025-03-07,112.39617919921875,235.14382934570312,199.25,860.472412109375,104.01449584960938,5770.2001953125
2025-03-10,106.70106506347656,225.380126953125,194.5399932861328,821.069580078125,106.66687774658203,5614.56005859375
2025-03-11,108.47642517089844,222.39085388183594,196.58999633789062,815.4291381835938,104.14807891845703,5572.06982421875
2025-03-12,115.4488525390625,221.18736267089844,198.88999938964844,813.252197265625,104.11946105957031,5599.2998046875
2025-03-13,115.28925323486328,218.55718994140625,193.88999938964844,793.2539672851562,103.68057250976562,5521.52001953125
2025-03-14,121.36392974853516,225.59364318847656,197.9499969482422,804.9599609375,106.76227569580078,5638.93994140625
2025-03-17,119.22930908203125,227.03976440429688,195.74000549316406,816.1218872070312,108.53688049316406,5675.1201171875
2025-03-18,115.1396255493164,228.04913330078125,192.82000732421875,813.8955078125,108.4223861694336,5614.66015625
2025-03-19,117.22435760498047,232.0672149658203,195.5399932861328,828.2435302734375,110.11112976074219,5675.2900390625
2025-03-20,118.2318115234375,231.97015380859375,194.9499969482422,833.7453002929688,110.57862091064453,5662.89013671875
2025-03-21,117.4039077758789,234.5129852294922,196.2100067138672,828.7977294921875,110.19699096679688,5667.56005859375
2025-03-24,121.1045913696289,240.7535858154297,203.25999450683594,855.8414916992188,110.48320770263672,5767.56982421875
2025-03-25,120.38639068603516,243.733154296875,205.7100067138672,843.4228515625,111.2369384765625,5776.64990234375
2025-03-26,113.47382354736328,243.6361083984375,201.1300048828125,818.1008911132812,112.83979797363281,5712.2001953125
2025-03-27,111.1496810913086,240.81179809570312,201.36000061035156,813.0642700195312,112.47724151611328,5693.31005859375
2025-03-28,109.39411163330078,235.69703674316406,192.72000122070312,813.8955078125,112.32460021972656,5580.93994140625
2025-03-31,108.10735321044922,238.0748748779297,190.25999450683594,817.259765625,113.4695053100586,5611.85009765625
2025-04-01,109.8729019165039,236.48318481445312,192.1699981689453,796.7963256835938,113.57445526123047,5633.06982421875
2025-04-02,110.14221954345703,238.57955932617188,196.00999450683594,809.6503295898438,113.22144317626953,5670.97021484375
2025-04-03,101.54390716552734,221.95411682128906,178.41000366210938,780.8255004882812,107.26793670654297,5396.52001953125
2025-04-04,94.07275390625,205.34344482421875,171.0,730.4783325195312,99.54936981201172,5074.080078125
2025-04-07,97.39437103271484,209.40577697753906,175.25999450683594,716.1500244140625,98.21366119384766,5062.25
2025-04-08,96.05775451660156,211.7787322998047,170.66000366210938,718.6337890625,96.1432876586914,4982.77001953125
2025-04-09,114.04238891601562,228.83860778808594,191.10000610351562,745.8160400390625,100.94235229492188,5456.89990234375
2025-04-10,107.29940032958984,221.77833557128906,181.22000122070312,713.3595581054688,95.34186553955078,5268.0498046875
2025-04-11,110.65094757080078,230.65493774414062,184.8699951171875,724.7390747070312,98.40447998046875,5363.35986328125
2025-04-14,110.4314956665039,229.2096710205078,182.1199951171875,746.4492797851562,98.64299011230469,5405.97021484375
2025-04-15,111.9177474975586,227.65699768066406,179.58999633789062,749.2496948242188,98.3663101196289,5396.6298828125
2025-04-16,104.2271499633789,224.21963500976562,174.3300018310547,727.2030029296875,99.40626525878906,5275.7001953125
2025-04-17,101.23468017578125,226.51446533203125,172.61000061035156,831.1626586914062,102.01091766357422,5282.7001953125
2025-04-21,96.66622161865234,223.61419677734375,167.32000732421875,809.4524536132812,100.51301574707031,5158.2001953125
2025-04-22,98.64122772216797,230.0592498779297,173.17999267578125,818.8726806640625,103.32756805419922,5287.759765625
2025-04-23,102.45162200927734,235.22506713867188,180.60000610351562,820.7330322265625,102.44026947021484,5375.85986328125
2025-04-24,106.1622543334961,238.89678955078125,186.5399932861328,850.7255859375,103.64239501953125,5484.77001953125
2025-04-25,110.73075103759766,237.83238220214844,188.99000549316406,875.2757568359375,103.58516693115234,5525.2099609375
2025-04-28,108.45648193359375,237.5101318359375,187.6999969482422,868.1016845703125,103.64239501953125,5528.75
2025-04-29,108.7457504272461,238.87725830078125,187.38999938964844,875.9288940429688,103.38480377197266,5560.830078125
2025-04-30,108.64599609375,238.87725830078125,184.4199981689453,889.534912109375,100.7801513671875,5569.06005859375
2025-05-01,111.32923126220703,241.09397888183594,190.1999969482422,785.782958984375,100.92325592041016,5604.14013671875
2025-05-02,114.21197509765625,246.58203125,189.97999572753906,814.9938354492188,101.3335189819336,5686.669921875
2025-05-05,113.53367614746094,246.630859375,186.35000610351562,812.8564453125,98.52849578857422,5650.3798828125
2025-05-06,113.25438690185547,243.3985595703125,185.00999450683594,767.0017700195312,99.90238189697266,5606.91015625
2025-05-07,116.7655258178711,243.5352783203125,188.7100067138672,768.5849609375,99.8069839477539,5631.27978515625
2025-05-08,117.07475280761719,247.51950073242188,192.0800018310547,743.5797119140625,101.199951171875,5663.93994140625
2025-05-09,116.35655975341797,247.13865661621094,193.05999755859375,726.87646484375,102.38301086425781,5659.91015625
2025-05-12,122.69058990478516,253.94500732421875,208.63999938964844,747.656494140625,104.14807891845703,5844.18994140625
2025-05-13,129.60313415527344,256.8355407714844,211.3699951171875,738.2462158203125,104.4343032836914,5886.5498046875
2025-05-14,134.99952697753906,259.40380859375,210.25,708.0655517578125,103.49931335449219,5892.580078125
2025-05-15,134.49081420898438,261.2103271484375,205.1699981689453,725.6099243164062,104.54884338378906,5916.93017578125
2025-05-16,135.05938720703125,261.2787170410156,205.58999633789062,750.9937133789062,104.1733169555664,5958.3798828125
2025-05-19,135.22894287109375,258.66162109375,206.16000366210938,748.73291015625,102.51716613769531,5963.60009765625
2025-05-20,134.0419464111328,259.44287109375,204.07000732421875,740.7012939453125,101.05359649658203,5940.4599609375
2025-05-21,131.46844482421875,254.91180419921875,201.1199951171875,718.8275756835938,99.8115005493164,5844.60986328125
2025-05-22,132.495849609375,254.55047607421875,203.10000610351562,709.1600341796875,99.1471176147461,5842.009765625
2025-05-23,130.959716796875,254.58950805664062,200.99000549316406,707.6826171875,99.20487213134766,5802.81982421875
2025-05-27,135.1591339111328,259.06201171875,206.02000427246094,719.0953369140625,99.67668151855469,5921.5400390625
2025-05-28,134.4708709716797,257.30426025390625,204.72000122070312,713.3146362304688,98.31904602050781,5888.5498046875
2025-05-29,138.83985900878906,258.1636047363281,205.6999969482422,716.4677734375,98.87751007080078,5912.169921875
2025-05-30,134.7900848388672,257.80230712890625,205.00999450683594,731.4402465820312,98.50199127197266,5911.68994140625
2025-06-02,137.034423828125,258.44677734375,206.64999389648438,740.8103637695312,99.22413635253906,5935.93994140625
2025-06-03,140.86473083496094,260.01898193359375,205.7100067138672,744.4395751953125,99.94630432128906,5970.3701171875
2025-06-04,141.56298828125,258.0171203613281,207.22999572753906,759.3724365234375,98.50199127197266,5970.81005859375
2025-06-05,139.6378631591797,255.80043029785156,207.91000366210938,759.2136840820312,98.0494384765625,5939.2998046875
2025-06-06,141.36349487304688,259.4916687011719,213.57000732421875,763.3782348632812,100.39884185791016,6000.35986328125
2025-06-09,142.2711944580078,260.47796630859375,216.97999572753906,767.1758422851562,101.07286071777344,6005.8798828125
2025-06-10,143.5978546142578,262.2943115234375,217.61000061035156,800.3731079101562,103.23932647705078,6038.81005859375
2025-06-11,142.48057556152344,261.8548583984375,213.1999969482422,801.7810668945312,105.2517318725586,6022.240234375
2025-06-12,144.64527893066406,261.9427490234375,213.24000549316406,805.1722412109375,105.65613555908203,6045.259765625
2025-06-13,141.62269592285156,258.72998046875,212.10000610351562,812.4403686523438,107.95740509033203,5976.97021484375
2025-06-16,144.3360595703125,264.0129699707031,216.10000610351562,800.7598876953125,108.30404663085938,6033.10986328125
2025-06-17,143.76742553710938,263.19268798828125,214.82000732421875,784.557861328125,109.76760864257812,5982.72021484375
2025-06-18,145.12411499023438,267.5284423828125,212.52000427246094,778.4002685546875,108.9876937866211,5980.8701171875
2025-06-20,143.49810791015625,268.5440368652344,209.69000244140625,756.2885131835938,110.44161224365234,5967.83984375
2025-06-23,143.81732177734375,271.7373046875,208.47000122070312,764.1318359375,107.59151458740234,6025.169921875
2025-06-24,147.53817749023438,274.6570739746094,212.77000427246094,771.5089721679688,104.31774139404297,6092.18017578125
2025-06-25,153.93251037597656,277.391357421875,211.99000549316406,785.60888671875,104.34663391113281,6092.16015625
2025-06-26,154.64077758789062,281.97125244140625,217.1199951171875,788.405029296875,105.90647888183594,6141.02001953125
2025-06-27,157.3640899658203,280.3697204589844,223.3000030517578,768.9012451171875,105.31913757324219,6173.06982421875
2025-06-30,157.60353088378906,283.1040344238281,219.38999938964844,772.94677734375,103.79779815673828,6204.9501953125
2025-07-01,152.92498779296875,283.59228515625,220.4600067138672,769.3474731445312,105.18433380126953,6198.009765625
2025-07-02,156.8653106689453,285.14495849609375,219.9199981689453,772.6987915039062,106.92713165283203,6227.419921875
2025-07-03,158.95021057128906,290.4435729980469,223.41000366210938,774.0770874023438,108.03443908691406,6279.35009765625
2025-07-07,157.8529052734375,286.4892272949219,223.47000122070312,766.3428955078125,106.98490142822266,6229.97998046875
2025-07-08,159.60858154296875,277.47174072265625,219.36000061035156,771.0924682617188,109.95055389404297,6225.52001953125
2025-07-09,162.48155212402344,277.84466552734375,222.5399932861328,780.2742309570312,109.57504272460938,6263.259765625
2025-07-10,163.6985626220703,282.7801818847656,222.25999450683594,783.9728393554688,110.66307830810547,6280.4599609375
2025-07-11,164.51654052734375,281.4751281738281,225.02000427246094,786.3128051757812,111.14451599121094,6259.75
2025-07-14,163.6686248779297,283.2806701660156,225.69000244140625,792.5894775390625,109.69058227539062,6268.56005859375
2025-07-15,170.2824249267578,281.1710205078125,226.35000610351562,765.2324829101562,108.71807098388672,6243.759765625
2025-07-16,170.95077514648438,280.4547119140625,223.19000244140625,783.1299438476562,108.0633316040039,6263.7001953125
2025-07-17,172.5767822265625,284.4580993652344,223.8800048828125,755.0689697265625,107.51448822021484,6297.35986328125
2025-07-18,171.98822021484375,285.8023986816406,226.1300048828125,765.1928100585938,103.76890563964844,6296.7900390625
2025-07-21,170.96075439453125,285.50799560546875,229.3000030517578,755.7431640625,104.03851318359375,6305.60009765625
2025-07-22,166.6213836669922,285.9593811035156,227.47000122070312,769.8828125,104.51031494140625,6309.6201171875
2025-07-23,170.36221313476562,291.1893310546875,228.2899932861328,792.1432495117188,105.84870910644531,6358.91015625
2025-07-24,173.3149871826172,290.9832763671875,232.22999572753906,798.6279907226562,106.6767807006836,6363.35009765625
2025-07-25,173.0755615234375,293.0144348144531,231.44000244140625,805.82666015625,106.30125427246094,6388.64013671875
2025-07-28,176.31759643554688,292.6807861328125,232.7899932861328,801.2853393554688,107.30266571044922,6389.77001953125
2025-07-29,175.0806427001953,291.4640808105469,231.00999450683594,756.5067749023438,108.6891860961914,6370.85986328125
2025-07-30,178.83145141601562,294.0054626464844,230.19000244140625,753.6609497070312,107.74557495117188,6362.89990234375
2025-07-31,177.43484497070312,290.6790771484375,234.11000061035156,733.8200073242188,107.49523162841797,6339.39013671875
2025-08-01,173.29502868652344,283.93804931640625,214.75,755.8920288085938,105.5694808959961,6238.009765625
2025-08-04,179.5596466064453,288.7362365722656,211.64999389648438,762.5055541992188,103.38375091552734,6329.93994140625
2025-08-05,177.8239288330078,285.9004821777344,213.75,759.4814453125,103.25858306884766,6299.18994140625
2025-08-06,178.9810791015625,285.880859375,222.30999755859375,740.0667724609375,102.55567932128906,6345.06005859375
2025-08-07,180.32777404785156,281.5536804199219,223.1300048828125,635.44775390625,102.01646423339844,6340.0
2025-08-08,182.25303649902344,283.33953857421875,222.69000244140625,620.3662719726562,102.83492279052734,6389.4501953125
2025-08-11,181.6146240234375,284.1244812011719,221.3000030517578,629.85546875,101.90093231201172,6373.4501953125
2025-08-12,182.71192932128906,287.3527526855469,221.47000122070312,634.0299072265625,102.18978881835938,6445.759765625
2025-08-13,181.14576721191406,285.0762939453125,224.55999755859375,654.9120483398438,103.60521697998047,6466.580078125
2025-08-14,181.57470703125,288.6381530761719,230.97999572753906,678.6498413085938,103.39337921142578,6468.5400390625
2025-08-15,180.00856018066406,285.0370178222656,231.02999877929688,696.835205078125,103.49056243896484,6449.7998046875
2025-08-18,181.56472778320312,286.0574951171875,231.49000549316406,693.675048828125,103.7140884399414,6449.14990234375
2025-08-19,175.2103271484375,285.2038269042969,228.00999450683594,698.8027954101562,104.39437103271484,6411.3701171875
2025-08-20,174.9709014892578,286.754150390625,223.80999755859375,701.018798828125,105.47310638427734,6395.77978515625
2025-08-21,174.55194091796875,285.9986267089844,221.9499969482422,705.371337890625,106.15339660644531,6370.169921875
2025-08-22,177.55459594726562,290.6790771484375,228.83999633789062,707.2196044921875,108.14564514160156,6466.91015625
2025-08-25,179.3701171875,289.3642272949219,227.94000244140625,690.97216796875,108.59268951416016,6439.31982421875
2025-08-26,181.32533264160156,292.9653625488281,228.7100067138672,731.4170532226562,108.3497314453125,6465.93994140625
2025-08-27,181.15574645996094,293.66204833984375,229.1199951171875,729.5686645507812,109.57425689697266,6481.39990234375
2025-08-28,179.729248046875,295.4184265136719,231.60000610351562,727.37255859375,110.1573486328125,6501.85986328125
2025-08-29,173.75390625,295.7618713378906,229.0,727.9887084960938,111.07087707519531,6460.259765625
2025-09-02,170.36221313476562,294.07415771484375,225.33999633789062,730.582275390625,111.45960235595703,6415.5400390625
2025-09-03,170.20260620117188,293.8877258300781,225.99000549316406,733.2057495117188,108.75790405273438,6448.259765625
2025-09-04,171.2400665283203,298.1168212890625,235.67999267578125,738.2538452148438,109.2341079711914,6502.080078125
2025-09-05,166.61141967773438,288.8540344238281,232.3300018310547,722.65234375,106.15339660644531,6481.5
2025-09-08,167.8982696533203,287.41162109375,235.83999633789062,734.0106811523438,106.75593566894531,6495.14990234375
2025-09-09,170.3422393798828,292.2588806152344,238.24000549316406,745.9057006835938,107.53338623046875,6512.60986328125
2025-09-10,176.8961944580078,294.89837646484375,230.3300018310547,749.8905029296875,109.33128356933594,6532.0400390625
2025-09-11,176.74656677246094,299.82415771484375,229.9499969482422,751.5402221679688,108.9814224243164,6587.47021484375
2025-09-12,177.39498901367188,301.1488037109375,228.14999389648438,750.65576171875,109.00086975097656,6584.2900390625
2025-09-15,177.32516479492188,303.1014404296875,231.42999267578125,743.5008544921875,109.18550872802734,6615.27978515625
2025-09-16,174.46202087402344,303.385986328125,234.0500030517578,759.9172973632812,111.44988250732422,6606.759765625
2025-09-17,169.88299560546875,305.89794921875,231.6199951171875,755.3660278320312,112.04270935058594,6600.35009765625
2025-09-18,175.81878662109375,307.35015869140625,231.22999572753906,758.1484375,110.72101593017578,6631.9599609375
2025-09-19,176.2477264404297,308.87109375,231.47999572753906,747.2770385742188,109.64228057861328,6664.35986328125
2025-09-22,183.17115783691406,306.5749816894531,227.6300048828125,750.218505859375,108.86480712890625,6693.75
2025-09-23,178.00352478027344,306.869384765625,220.7100067138672,742.2984008789062,110.74044799804688,6656.919921875
2025-09-24,176.54701232910156,307.53662109375,220.2100067138672,737.2005615234375,111.33326721191406,6637.97021484375
2025-09-25,177.26531982421875,307.5660705566406,218.14999389648438,710.1114501953125,112.33424377441406,6604.72021484375
2025-09-26,177.7641143798828,310.12701416015625,219.77999877929688,719.9990234375,113.9183349609375,6643.7001953125
2025-09-29,181.41537475585938,309.7640075683594,222.1699981689453,721.9567260742188,111.00284576416016,6661.2099609375
2025-09-30,186.13406372070312,309.50885009765625,219.57000732421875,758.2179565429688,109.57425689697266,6688.4599609375
2025-10-01,186.79248046875,304.8774719238281,220.6300048828125,820.2467651367188,108.83564758300781,6711.2001953125
2025-10-02,188.43853759765625,301.77679443359375,222.41000366210938,814.711669921875,108.15536499023438,6715.35009765625
2025-10-03,187.1715545654297,304.2102355957031,219.50999450683594,834.6062622070312,110.06988525390625,6715.7900390625
2025-10-06,185.09654235839844,304.85113525390625,220.89999389648438,839.7537231445312,110.98340606689453,6740.27978515625
2025-10-07,184.5977325439453,303.3819885253906,221.77999877929688,838.3427124023438,111.04171752929688,6714.58984375
2025-10-08,188.6580047607422,299.7732238769531,225.22000122070312,840.4195556640625,110.80847930908203,6753.72021484375
2025-10-09,192.1097412109375,301.2522277832031,227.74000549316406,849.9891967773438,109.72974395751953,6735.10986328125
2025-10-10,182.72222900390625,296.6772155761719,216.3699951171875,828.2662963867188,107.61114501953125,6552.509765625
2025-10-13,187.86990356445312,303.6580810546875,220.07000732421875,814.2646484375,109.07861328125,6654.72021484375
2025-10-14,179.59970092773438,297.85052490234375,216.38999938964844,807.2587280273438,109.127197265625,6644.31005859375
2025-10-15,179.4001922607422,301.4100036621094,215.57000732421875,821.3896484375,108.46635437011719,6671.06005859375
2025-10-16,181.37545776367188,294.3600769042969,214.47000122070312,814.24462890625,107.52367401123047,6629.06982421875
2025-10-17,182.7821044921875,293.3938293457031,213.0399932861328,797.7984008789062,109.07861328125,6664.009765625
2025-10-20,182.20347595214844,298.1265869140625,216.47999572753906,803.8900146484375,109.5256576538086,6735.1298828125
2025-10-21,180.7270050048828,292.9303894042969,222.02999877929688,794.5587768554688,109.53536987304688,6735.35009765625
2025-10-22,179.84912109375,289.9920959472656,217.9499969482422,807.3382568359375,111.47904205322266,6699.39990234375
2025-10-23,181.72462463378906,290.4161376953125,221.08999633789062,815.894287109375,112.71327209472656,6738.43994140625
2025-10-24,185.81480407714844,296.2335205078125,224.2100067138672,820.2765502929688,112.13988494873047,6791.68994140625
2025-10-27,191.03233337402344,299.89154052734375,226.97000122070312,821.2305297851562,112.67440032958984,6875.16015625
2025-10-28,200.54953002929688,301.0845947265625,229.25,814.9600830078125,111.79002380371094,6890.89013671875
2025-10-29,206.545166015625,301.2325134277344,230.3000030517578,808.4313354492188,113.17002868652344,6890.58984375
2025-10-30,202.4050750732422,305.1075134277344,222.86000061035156,839.2072143554688,111.45960235595703,6822.33984375
2025-10-31,202.0060272216797,306.7639465332031,244.22000122070312,857.4521484375,111.13890075683594,6840.2001953125
2025-11-03,206.3855438232422,305.0187683105469,254.0,890.9111938476562,110.55580139160156,6851.97021484375
2025-11-04,198.21511840820312,304.920166015625,249.32000732421875,901.1763916015625,110.92508697509766,6771.5498046875
2025-11-05,194.74343872070312,307.3161315917969,250.1999969482422,920.0076293945312,110.47804260253906,6796.2900390625
2025-11-06,187.63047790527344,309.03179931640625,243.0399932861328,931.564697265625,111.27495574951172,6720.31982421875
2025-11-07,187.7003173828125,309.8106994628906,244.41000366210938,918.5767211914062,113.9183349609375,6728.7998046875
2025-11-10,198.5742645263672,312.45318603515625,248.39999389648438,960.581787109375,114.89017486572266,6832.43017578125
2025-11-11,192.69833374023438,311.200927734375,249.10000610351562,982.4240112304688,116.40624237060547,6846.60986328125
2025-11-12,193.33682250976562,315.92388916015625,244.1999969482422,1011.4013061523438,114.79299926757812,6850.919921875
2025-11-13,186.4133758544922,305.1469421386719,237.5800018310547,1016.4593505859375,115.44412231445312,6737.490234375
2025-11-14,189.71548461914062,299.35906982421875,234.69000244140625,1020.3505249023438,116.94403839111328,6734.10986328125
2025-11-17,186.1540069580078,296.1644592285156,232.8699951171875,1016.7877807617188,115.36568450927734,6672.41015625
2025-11-18,180.92652893066406,295.2179260253906,222.5500030517578,1025.09765625,116.68914031982422,6617.31982421875
2025-11-19,186.07418823242188,299.02386474609375,222.69000244140625,1044.5535888671875,115.04218292236328,6642.16015625
2025-11-20,180.208251953125,294.2023620605469,217.13999938964844,1038.27392578125,114.71867370605469,6538.759765625
2025-11-21,178.45245361328125,293.8473815917969,220.69000244140625,1054.60498046875,114.7774887084961,6602.990234375
2025-11-24,182.11370849609375,293.8276672363281,226.27999877929688,1065.0146484375,113.68932342529297,6705.1201171875
2025-11-25,177.39498901367188,298.75762939453125,229.6699981689453,1104.6033935546875,112.25802612304688,6765.8798828125
2025-11-26,179.8291473388672,303.33270263671875,229.16000366210938,1099.0303955078125,112.5129165649414,6812.60986328125
2025-11-28,176.5769500732422,308.6965026855469,233.22000122070312,1070.2991943359375,113.64029693603516,6849.08984375
2025-12-01,179.48997497558594,304.59478759765625,233.8800048828125,1052.8037109375,114.33634185791016,6812.6298828125
2025-12-02,181.02630615234375,303.5693359375,234.4199981689453,1041.0904541015625,113.11092376708984,6829.3701171875
2025-12-03,179.16075134277344,307.75982666015625,232.3800048828125,1028.5908203125,115.48333740234375,6849.72021484375
2025-12-04,182.951904296875,311.6742858886719,229.11000061035156,1009.6124267578125,114.83631134033203,6857.1201171875
2025-12-05,181.98416137695312,310.6291198730469,229.52999877929688,1005.4524536132812,114.24811553955078,6870.39990234375
2025-12-08,185.1168212890625,310.79669189453125,226.88999938964844,992.793701171875,113.69912719726562,6846.509765625
2025-12-09,184.53819274902344,296.30255126953125,227.9199981689453,977.49755859375,115.92448425292969,6840.509765625
2025-12-10,183.3509521484375,305.76806640625,231.77999877929688,988.8626708984375,117.1891098022461,6886.68017578125
2025-12-11,180.50759887695312,312.9363098144531,230.27999877929688,1004.5269775390625,117.1891098022461,6901.0
2025-12-12,174.6114044189453,314.06036376953125,226.19000244140625,1022.56982421875,116.48326873779297,6827.41015625
2025-12-15,175.87843322753906,315.5393371582031,222.5399932861328,1057.0830078125,115.44412231445312,6816.509765625
2025-12-16,177.30511474609375,311.1319580078125,222.55999755859375,1049.2210693359375,112.42469024658203,6800.259765625
2025-12-17,170.5409393310547,310.5699462890625,221.27000427246094,1036.7811279296875,115.10100555419922,6721.43017578125
2025-12-18,173.73345947265625,308.6176452636719,226.75999450683594,1051.7987060546875,114.24811553955078,6774.759765625
2025-12-19,180.56747436523438,312.7686767578125,227.35000610351562,1066.2884521484375,114.39515686035156,6834.5
2025-12-22,183.2611541748047,318.5663757324219,228.42999267578125,1071.3043212890625,115.82645416259766,6878.490234375
2025-12-23,188.76829528808594,321.3666076660156,232.13999938964844,1066.4876708984375,117.07147216796875,6909.7900390625
2025-12-24,188.169677734375,324.5612487792969,232.3800048828125,1071.8018798828125,116.87541198730469,6932.0498046875
2025-12-26,190.08518981933594,323.31890869140625,232.52000427246094,1072.5682373046875,116.76757049560547,6929.93994140625
2025-12-29,187.7805938720703,319.2171325683594,232.07000732421875,1073.54345703125,118.1596450805664,6905.740234375
2025-12-30,187.1021728515625,318.89178466796875,232.52999877929688,1074.5587158203125,118.610595703125,6896.240234375
2025-12-31,186.0646209716797,317.70855712890625,230.82000732421875,1069.5130615234375,117.97337341308594,6845.5
2026-01-02,188.40911865234375,320.92291259765625,226.5,1075.1656494140625,120.23795318603516,6858.47021484375
2026-01-05,187.6808319091797,329.3630676269531,233.05999755859375,1036.50244140625,122.8946533203125,6902.0498046875
2026-01-06,186.80288696289062,331.41326904296875,240.92999267578125,1058.9241943359375,118.66942596435547,6944.81982421875
2026-01-07,188.6685028076172,323.8660888671875,241.55999755859375,1102.7623291015625,116.15975952148438,6920.93017578125
2026-01-08,184.60801696777344,326.63934326171875,246.2899932861328,1079.9722900390625,120.49284362792969,6921.4599609375
2026-01-09,184.42843627929688,326.0450744628906,247.3800048828125,1058.4466552734375,122.15940856933594,6966.27978515625
2026-01-12,184.5082550048828,321.38995361328125,246.47000122070312,1075.802490234375,121.59081268310547,6977.27001953125
2026-01-13,185.376220703125,307.9297790527344,242.60000610351562,1072.0108642578125,124.05144500732422,6963.740234375
2026-01-14,182.7124481201172,304.9287414550781,236.64999389648438,1068.1297607421875,127.63947296142578,6926.60009765625
2026-01-15,186.6133270263672,306.30548095703125,238.17999267578125,1028.0035400390625,126.59053039550781,6944.47021484375
2026-01-16,185.79522705078125,309.48480224609375,239.1199951171875,1033.407470703125,127.3355712890625,6940.009765625
2026-01-20,177.65428161621094,299.8477478027344,231.0,1036.283447265625,127.89436340332031,6796.85986328125
2026-01-21,182.8920440673828,299.15447998046875,231.30999755859375,1073.33447265625,130.982421875,6875.6201171875
2026-01-22,184.40847778320312,300.729248046875,234.33999633789062,1082.1519775390625,131.01181030273438,6913.35009765625
2026-01-23,187.23187255859375,294.8757019042969,239.16000366210938,1059.173095703125,132.315673828125,6915.60986328125
2026-01-26,186.03468322753906,298.16400146484375,238.4199981689453,1057.640380859375,132.18821716308594,6950.22998046875
2026-01-27,188.07989501953125,297.44097900390625,244.67999267578125,1034.5120849609375,134.1390838623047,6978.60009765625
2026-01-28,191.07289123535156,297.89654541015625,243.00999450683594,1018.8776245117188,134.8743438720703,6978.02978515625
2026-01-29,192.06056213378906,303.49261474609375,241.72999572753906,1019.2160034179688,137.7467041015625,6969.009765625
2026-01-30,190.6837921142578,302.9676818847656,239.3000030517578,1032.16357421875,138.61920166015625,6939.02978515625
2026-02-02,185.17669677734375,305.1961975097656,242.9600067138672,1039.1099853515625,135.67820739746094,6976.43994140625
2026-02-03,179.91897583007812,311.8420715332031,238.6199951171875,998.635498046875,140.90338134765625,6917.81005859375
2026-02-04,173.78334045410156,314.2389221191406,232.99000549316406,1101.797119140625,144.68746948242188,6882.72021484375
2026-02-05,171.47872924804688,307.1968688964844,222.69000244140625,1015.931884765625,143.20718383789062,6798.39990234375
2026-02-06,184.97714233398438,319.3199462890625,210.32000732421875,1053.0924072265625,146.1187744140625,6932.2998046875
2026-02-09,189.59632873535156,319.0228271484375,208.72000122070312,1039.6473388671875,148.23629760742188,6964.81982421875
2026-02-10,188.09983825683594,315.2392883300781,206.9600067138672,1020.0718994140625,148.6088104248047,6941.81005859375
2026-02-11,189.60633850097656,307.8505859375,204.0800018310547,1010.3289794921875,152.500732421875,6941.47021484375
2026-02-12,186.5035858154297,299.74871826171875,199.60000610351562,1033.2781982421875,147.9611358642578,6832.759765625
2026-02-13,182.3832244873047,299.6595458984375,198.7899932861328,1036.7271728515625,146.50057983398438,6836.169921875
2026-02-17,184.53819274902344,304.19580078125,201.14999389648438,1032.7896728515625,144.270263671875,6843.22021484375
2026-02-18,187.5411376953125,305.8300476074219,204.7899932861328,1017.348388671875,148.7012939453125,6881.31005859375
2026-02-19,187.46133422851562,305.1070251464844,204.86000061035156,1019.9999389648438,148.98748779296875,6861.89013671875
2026-02-20,189.37686157226562,307.82086181640625,210.11000061035156,1006.3430786132812,145.345947265625,6909.509765625
2026-02-23,191.1028289794922,294.82623291015625,205.27000427246094,1055.228759765625,148.78024291992188,6837.75
2026-02-24,192.39979553222656,294.459716796875,208.55999755859375,1038.8704833984375,147.29994201660156,6890.06982421875
2026-02-25,195.10345458984375,300.4023742675781,210.63999938964844,1025.59228515625,147.10256958007812,6946.1298828125
2026-02-26,184.4583740234375,303.20538330078125,207.9199981689453,1018.8037719726562,146.5894012451172,6908.85986328125
2026-02-27,176.77635192871094,297.4310607910156,210.0,1048.679443359375,150.4973907470703,6878.8798828125
2026-03-02,182.05398559570312,294.7172546386719,208.38999938964844,1014.7664794921875,152.19480895996094,6881.6201171875
2026-03-03,179.62966918945312,297.3914489746094,208.72999572753906,1004.5587158203125,149.83619689941406,6816.6298828125
2026-03-04,182.61268615722656,296.52978515625,216.82000732421875,1000.411865234375,147.85260009765625,6869.5
2026-03-05,182.9119873046875,290.74554443359375,218.94000244140625,980.165771484375,148.78024291992188,6830.7099609375
2026-03-06,177.4048614501953,286.7144470214844,213.2100067138672,987.2135009765625,149.22434997558594,6740.02001953125
2026-03-09,182.2235870361328,287.1502685546875,213.49000549316406,1005.2166748046875,148.46446228027344,6795.990234375
2026-03-10,184.33865356445312,285.97161865234375,214.3300018310547,998.1987915039062,146.18479919433594,6781.47998046875
2026-03-11,185.60574340820312,284.7731628417969,212.64999389648438,996.693603515625,149.5894775390625,6775.7998046875
2026-03-12,182.7223358154297,280.18743896484375,209.52999877929688,974.1746826171875,151.5138702392578,6672.6201171875
2026-03-13,179.8389434814453,280.7321472167969,207.6699981689453,981.97998046875,154.06985473632812,6632.18994140625
2026-03-16,182.80215454101562,283.4261474609375,211.74000549316406,986.00732421875,155.165283203125,6699.3798828125
2026-03-17,181.51510620117188,284.1492004394531,215.1999969482422,927.4222412109375,156.7245330810547,6716.08984375
2026-03-18,179.98858642578125,284.99102783203125,209.8699951171875,915.1609497070312,155.5205535888672,6624.7001953125
2026-03-19,178.15277099609375,285.2188720703125,208.75999450683594,914.6127319335938,156.0830841064453,6606.490234375
2026-03-20,172.30615234375,283.82232666015625,205.3699951171875,903.8466796875,157.5732421875,6506.47998046875
2026-03-23,175.23944091796875,287.14031982421875,210.13999938964844,907.6845703125,159.0140838623047,6581.0
2026-03-24,174.80044555664062,289.6065368652344,207.24000549316406,900.1782836914062,163.20826721191406,6556.3701171875
2026-03-25,178.2725067138672,292.59771728515625,211.7100067138672,913.4264526367188,161.11610412597656,6591.89990234375
2026-03-26,170.8494873046875,288.87359619140625,207.5399932861328,894.1771850585938,163.25759887695312,6477.16015625
2026-03-27,167.13796997070312,280.13787841796875,199.33999633789062,875.4761962890625,168.74459838867188,6368.85009765625
2026-03-30,164.79331970214844,281.0589904785156,200.9499969482422,883.83984375,169.21829223632812,6343.72021484375
2026-03-31,174.00225830078125,291.3497314453125,208.27000427246094,916.8756103515625,167.4320526123047,6528.52001953125
2026-04-01,175.34918212890625,292.5580749511719,210.57000732421875,951.5162353515625,158.66867065429688,6575.31982421875
2026-04-02,176.98545837402344,291.7855224609375,209.77000427246094,932.6358032226562,158.57984924316406,6582.68994140625
2026-04-06,177.23487854003906,294.125,212.7899932861328,924.1426391601562,161.2246551513672,6611.830078125
2026-04-07,177.69383239746094,296.0662536621094,213.77000427246094,928.159912109375,161.757568359375,6616.85009765625
2026-04-08,181.66476440429688,306.5888366699219,221.25,950.300048828125,154.16854858398438,6782.81005859375
2026-04-09,183.4906005859375,308.938232421875,233.64999389648438,952.18408203125,153.0040283203125,6824.66015625
2026-04-10,188.1998291015625,308.4803161621094,238.3800048828125,936.5135498046875,150.50726318359375,6816.89013671875
2026-04-13,188.87826538085938,312.2732238769531,239.88999938964844,926.624755859375,150.63555908203125,6886.240234375
2026-04-14,196.0618438720703,309.7247009277344,249.02000427246094,919.5969848632812,147.28021240234375,6967.3798828125
2026-04-15,198.41647338867188,304.5579833984375,248.5,902.1819458007812,147.05322265625,7022.9501953125
2026-04-16,197.8976593017578,308.5599670410156,249.6999969482422,901.1452026367188,149.98422241210938,7041.27978515625
2026-04-17,201.2200469970703,308.8984375,250.55999755859375,924.1127319335938,144.51698303222656,7126.06005859375
2026-04-20,201.59918212890625,315.5683898925781,248.27999877929688,917.0051879882812,145.7406768798828,7109.14013671875
2026-04-21,199.42417907714844,311.5962829589844,249.91000366210938,900.1782836914062,146.41177368164062,7064.009765625
2026-04-22,202.03819274902344,311.6161804199219,255.36000061035156,918.5802001953125,147.5367889404297,7137.89990234375
2026-04-23,199.18470764160156,310.29217529296875,255.0800018310547,914.76220703125,148.5532684326172,7108.39990234375
2026-04-24,207.79502868652344,306.8974609375,263.989990234375,881.17822265625,146.9545440673828,7165.080078125
2026-04-27,216.1160125732422,310.232421875,261.1199951171875,865.5376586914062,146.24398803710938,7173.91015625
2026-04-28,212.68385314941406,310.0532531738281,259.70001220703125,871.2496337890625,148.58287048339844,7138.7998046875
2026-04-29,208.77279663085938,307.86309814453125,263.0400085449219,848.5313110351562,152.63890075683594,7135.9501953125
2026-04-30,199.1148681640625,311.82525634765625,265.05999755859375,931.6588745117188,152.30337524414062,7209.009765625
2026-05-01,197.9974365234375,311.06866455078125,268.260009765625,960.2984619140625,150.74412536621094,7230.1201171875
2026-05-04,198.02734375,306.270263671875,272.04998779296875,964.884033203125,151.67176818847656,7200.75
2026-05-05,196.05186462402344,308.0124206542969,273.54998779296875,985.7581176757812,152.84616088867188,7259.22021484375
2026-05-06,207.3560333251953,313.4877624511719,274.989990234375,983.9437866210938,146.73744201660156,7365.1201171875
2026-05-07,211.01766967773438,304.8964538574219,271.1700134277344,971.8919067382812,144.65513610839844,7337.10986328125
2026-05-08,214.709228515625,300.74517822265625,272.67999267578125,945.4652709960938,142.67153930664062,7398.93017578125
2026-05-11,218.93955993652344,298.6545715332031,268.989990234375,963.9469604492188,147.71441650390625,7412.83984375
2026-05-12,220.27650451660156,303.5126953125,265.82000732421875,986.7549438476562,148.65196228027344,7400.9599609375
2026-05-13,225.3149871826172,298.9034729003906,270.1300048828125,1012.553466796875,149.57962036132812,7444.25
2026-05-14,235.202392578125,298.56500244140625,267.2200012207031,1003.5320434570312,150.77371215820312,7501.240234375
2026-05-15,224.80615234375,296.4743957519531,264.1400146484375,1003.4819946289062,156.90402221679688,7408.5
2026-05-18,221.81300354003906,299.3813171386719,264.8599853515625,986.6761474609375,159.45748901367188,7403.0498046875
2026-05-19,220.1068878173828,294.3738708496094,259.3399963378906,1019.9484252929688,161.50424194335938,7353.60986328125
2026-05-20,222.9603729248047,300.625732421875,265.010009765625,1017.4120483398438,155.27456665039062,7432.97021484375
2026-05-21,219.0093994140625,301.6411437988281,268.4599914550781,1040.1595458984375,154.2909393310547,7445.72021484375
2026-05-22,214.83892822265625,305.0059814453125,266.32000732421875,1063.47607421875,153.92332458496094,7473.47021484375
2026-05-26,214.37001037597656,305.3643493652344,265.2900085449219,1063.2164306640625,148.84619140625,7519.1201171875
2026-05-27,212.1151580810547,297.93780517578125,271.8500061035156,1081.3704833984375,146.948486328125,7520.35986328125
2026-05-28,213.7613983154297,295.3992614746094,274.0,1125.1876220703125,146.01454162597656,7563.6298828125
2026-05-29,210.6584930419922,297.9676818847656,270.6400146484375,1103.4188232421875,144.32546997070312,7580.06005859375
2026-06-01,223.8483428955078,295.2499084472656,261.260009765625,1080.6513671875,148.41897583007812,7599.9599609375
2026-06-02,222.3118438720703,299.6102600097656,256.5199890136719,1062.6273193359375,148.59780883789062,7609.77978515625
2026-06-03,214.26025390625,299.50079345703125,250.02000427246094,1077.236328125,151.5487060546875,7553.68017578125
2026-06-04,218.4156036376953,309.4957580566406,253.7899932861328,1123.6597900390625,151.0618438720703,7584.31005859375
2026-06-05,204.87075805664062,310.9691162109375,246.02999877929688,1129.801025390625,148.9554901123047,7383.740234375
2026-06-08,208.40679931640625,309.7147521972656,245.22000122070312,1147.505615234375,150.77371215820312,7405.72998046875
2026-06-09,207.95730590820312,311.2976379394531,244.19000244140625,1143.0421142578125,147.95199584960938,7386.64990234375
2026-06-10,200.19598388671875,307.75360107421875,238.0,1134.743896484375,149.65098571777344,7266.990234375
2026-06-11,204.64100646972656,312.0840759277344,241.50999450683594,1159.2886962890625,145.6568603515625,7394.2998046875
2026-06-12,204.96066284179688,319.28167724609375,238.5500030517578,1131.3787841796875,146.064208984375,7431.4599609375
2026-06-15,212.21253967285156,317.96759033203125,246.02000427246094,1127.7340087890625,140.01339721679688,7554.2900390625
2026-06-16,207.1781768798828,329.6549377441406,246.0,1120.893798828125,140.9473419189453,7511.35009765625
2026-06-17,204.42124938964844,331.9645080566406,237.5,1110.4088134765625,139.8345489501953,7420.10009765625
2026-06-18,210.4545135498047,323.761474609375,244.38999938964844,1096.9979248046875,136.92340087890625,7500.580078125
2026-06-22,208.41677856445312,329.993408203125,232.7899932861328,1100.5029296875,137.57916259765625,7472.7900390625
2026-06-23,199.81640625,332.6414794921875,234.11000061035156,1105.495849609375,138.83103942871094,7365.4599609375
2026-06-24,198.77757263183594,331.95458984375,234.27000427246094,1115.6612548828125,136.01925659179688,7358.22021484375
2026-06-25,195.52122497558594,333.6170654296875,227.00999450683594,1126.0762939453125,136.66506958007812,7357.490234375
2026-06-26,192.31480407714844,327.57427978515625,232.69000244140625,1206.3912353515625,135.66156005859375,7354.02001953125
2026-06-29,194.7520751953125,327.91278076171875,240.13999938964844,1228.170166015625,135.18466186523438,7440.43017578125
2026-06-30,199.86634826660156,325.86199951171875,238.33999633789062,1197.7137451171875,135.8404083251953,7499.35986328125
2026-07-01,197.35916137695312,332.5718078613281,241.6999969482422,1190.03466796875,135.4032440185547,7483.22998046875
2026-07-02,194.61224365234375,332.9700012207031,242.6699981689453,1212.1729736328125,136.20802307128906,7483.240234375
2026-07-06,195.33143615722656,337.7200012207031,244.16000366210938,1198.3428955078125,135.5622100830078,7537.43017578125
2026-07-07,196.7098846435547,339.2200012207031,245.97999572753906,1233.7921142578125,140.7784423828125,7503.85009765625
2026-07-08,203.891845703125,330.6199951171875,243.6199951171875,1214.0902099609375,140.2220458984375,7482.7099609375
2026-07-09,202.5533447265625,335.4700012207031,247.0399932861328,1215.2086181640625,136.57565307617188,7543.64013671875
2026-07-10,210.72421264648438,336.4700012207031,245.33999633789062,1186.879150390625,137.9865264892578,7575.39013671875
2026-07-13,203.30250549316406,334.5299987792969,247.30999755859375,1180.1788330078125,143.58029174804688,7515.33984375
2026-07-14,211.5632781982422,342.8900146484375,247.49000549316406,1150.890869140625,144.15655517578125,7543.58984375
2026-07-15,212.26248168945312,346.9100036621094,254.9600067138672,1154.9749755859375,143.58029174804688,7572.39990234375
2026-07-16,207.16818237304688,343.1499938964844,249.88999938964844,1167.4970703125,145.0110321044922,7533.77001953125
2026-07-17,202.58331298828125,341.1000061035156,247.22999572753906,1177.4227294921875,146.41195678710938,7457.68994140625
2026-07-20,203.05279541015625,338.8699951171875,249.99000549316406,1145.2589111328125,147.40553283691406,7443.27978515625
2026-07-21,207.0583038330078,345.2300109863281,247.5500030517578,1173.7281494140625,150.73397827148438,7509.2001953125
2026-07-22,211.82298278808594,348.2099914550781,244.85000610351562,1161.3458251953125,153.4563446044922,7498.9599609375
2026-07-23,208.5266571044922,349.8999938964844,233.66000366210938,1184.173095703125,155.88064575195312,7408.2998046875
2026-07-24,206.6088104248047,353.2099914550781,232.11000061035156,1194.318603515625,155.93032836914062,7411.97998046875
2026-07-27,196.2903594970703,356.20001220703125,231.38999938964844,1195.81640625,153.7742919921875,7413.18017578125
2026-07-28,196.789794921875,357.30999755859375,230.86000061035156,1218.913330078125,152.055419921875,7428.77978515625
2026-07-29,189.79762268066406,344.7099914550781,226.64999389648438,1208.28857421875,155.74154663085938,7316.14990234375
2026-07-30,194.82199096679688,350.8500061035156,235.5,1153.3172607421875,155.96014404296875,7437.6298828125
2026-07-31,200.52561950683594,351.7900085449219,271.5799865722656,1147.196044921875,154.4399871826172,7489.72021484375
2026-08-03,206.40904235839844,352.6400146484375,284.0199890136719,1119.75537109375,154.0624237060547,7600.5
2026-08-04,211.70310974121094,357.5199890136719,277.4200134277344,1114.0836181640625,152.96951293945312,7736.52001953125
2026-08-05,218.9749755859375,359.239990234375,272.6499938964844,1168.18603515625,150.6544952392578,7723.5498046875
2026-08-06,218.7452392578125,356.29998779296875,272.260009765625,1190.234375,153.84384155273438,7709.9599609375
2026-08-07,223.70968627929688,357.5199890136719,274.4800109863281,1184.0133056640625,152.055419921875,7757.64013671875
2026-08-10,217.3068389892578,359.7900085449219,278.0899963378906,1230.1771240234375,158.76199340820312,7753.10986328125
2026-08-11,217.25689697265625,362.0400085449219,272.2699890136719,1213.2813720703125,158.7719268798828,7728.2001953125
2026-08-12,223.8395233154297,365.17999267578125,267.2799987792969,1218.533935546875,158.7222442626953,7748.5
2026-08-13,225.04818725585938,363.1099853515625,265.1300048828125,1207.27001953125,157.58958435058594,7798.990234375
2026-08-14,224.90834045410156,362.8399963378906,262.6499938964844,1180.1600341796875,159.07000732421875,7785.759765625
2026-08-17,224.7584991455078,360.9599914550781,261.30999755859375,1183.1600341796875,161.4600067138672,7745.06005859375
2026-08-18,219.49440002441406,363.25,259.45001220703125,1225.72998046875,165.55999755859375,7691.759765625
2026-08-19,217.31683349609375,357.260009765625,265.8399963378906,1280.3399658203125,164.77000427246094,7707.97998046875
2026-08-20,216.60763549804688,351.54998779296875,260.1099853515625,1244.4000244140625,166.14999389648438,7641.16015625
2026-08-21,214.48001098632812,351.5799865722656,258.6300048828125,1255.4000244140625,165.11000061035156,7674.3701171875
2026-08-24,208.24697875976562,356.3900146484375,262.07000732421875,1246.9300537109375,164.0500030517578,7652.85986328125
2026-08-25,212.81187438964844,356.69000244140625,261.05999755859375,1233.6600341796875,160.63999938964844,7677.27978515625
2026-08-26,209.4256591796875,356.5,260.2799987792969,1189.4100341796875,158.19000244140625,7675.7001953125
2026-08-27,227.7251739501953,354.2200012207031,256.260009765625,1176.0999755859375,156.44000244140625,7730.990234375
2026-08-28,217.3068389892578,357.6199951171875,266.42999267578125,1174.6099853515625,156.7100067138672,7711.759765625
2026-08-31,220.53323364257812,356.0199890136719,259.7699890136719,1156.72998046875,160.9499969482422,7686.14013671875
2026-09-01,217.1969757080078,354.95001220703125,254.9199981689453,1160.0,164.5500030517578,7631.47021484375
2026-09-02,224.1591796875,356.2200012207031,254.97999572753906,1160.0799560546875,164.14999389648438,7666.60009765625
2026-09-03,228.1946563720703,362.05999755859375,258.8999938964844,1159.5999755859375,162.2100067138672,7747.7099609375
2026-09-04,230.10252380371094,358.6400146484375,258.510009765625,1149.3599853515625,159.47000122070312,7718.60009765625
2026-09-08,225.47769165039062,353.510009765625,256.9700012207031,1123.9100341796875,160.66000366210938,7673.52001953125
2026-09-09,223.4199981689453,354.7099914550781,252.39999389648438,1124.2099609375,164.22999572753906,7636.35986328125
2026-09-10,218.36000061035156,353.55999755859375,251.88999938964844,1123.0,165.22999572753906,7591.7001953125
